,Draft_Yr,Pk,Tm,Player,College,Yrs,G,MP,PTS,TRB,AST,FG_Perc,3P_Perc,FT_Perc,MP_per_G,PTS_per_G_per_G,TRB_per_G_per_G,AST_per_G_per_G,WS_per_G,WS_per_48,BPM,VORP
0,2008,1,CHI,Derrick Rose,University of Memphis,10,546,18104,10281,1910,3056,0.45299999999999996,0.304,0.8240000000000001,33.2,18.8,3.5,5.6,37.2,0.099,0.3,10.5
1,2008,2,MIA,Michael Beasley,Kansas State University,11,609,13903,7568,2861,788,0.465,0.349,0.759,22.8,12.4,4.7,1.3,15.6,0.054000000000000006,-3.2,-4.3
2,2008,3,MIN,O.J. Mayo,University of Southern California,8,547,16919,7574,1706,1607,0.429,0.373,0.82,30.9,13.8,3.1,2.9,21.8,0.062,-0.8,5.1
3,2008,4,SEA,Russell Westbrook,"University of California, Los Angeles",11,821,28330,18859,5760,6897,0.434,0.308,0.8009999999999999,34.5,23.0,7.0,8.4,96.9,0.16399999999999998,6.6,61.6
4,2008,5,MEM,Kevin Love,"University of California, Los Angeles",11,657,21023,12006,7397,1519,0.442,0.37,0.8270000000000001,32.0,18.3,11.3,2.3,78.2,0.179,2.7,24.9
5,2008,6,NYK,Danilo Gallinari,,10,549,17052,8720,2669,1118,0.425,0.376,0.871,31.1,15.9,4.9,2.0,50.4,0.142,1.2,13.7
6,2008,7,LAC,Eric Gordon,Indiana University,11,629,20783,10497,1569,1842,0.428,0.374,0.8140000000000001,33.0,16.7,2.5,2.9,33.6,0.078,-0.9,5.8
7,2008,8,MIL,Joe Alexander,West Virginia University,2,67,745,282,120,44,0.41,0.34,0.698,11.1,4.2,1.8,0.7,0.5,0.03,-3.3,-0.2
8,2008,9,CHA,D.J. Augustin,University of Texas at Austin,11,807,19419,7928,1521,3204,0.413,0.381,0.863,24.1,9.8,1.9,4.0,41.9,0.10400000000000001,-1.5,2.6
9,2008,10,NJN,Brook Lopez,Stanford University,11,717,22175,12414,4695,1091,0.498,0.34700000000000003,0.7909999999999999,30.9,17.3,6.5,1.5,60.1,0.13,1.0,17.0
10,2008,11,IND,Jerryd Bayless,University of Arizona,11,586,12486,4909,1235,1674,0.41100000000000003,0.361,0.818,21.3,8.4,2.1,2.9,18.6,0.07200000000000001,-2.0,0.0
11,2008,12,SAC,Jason Thompson,Rider University,8,588,14819,5210,3880,635,0.496,0.14300000000000002,0.657,25.2,8.9,6.6,1.1,23.8,0.077,-1.7,1.3
12,2008,13,POR,Brandon Rush,University of Kansas,9,481,10564,3250,1413,468,0.426,0.402,0.706,22.0,6.8,2.9,1.0,11.2,0.051,-1.7,0.7
13,2008,14,GSW,Anthony Randolph,Louisiana State University,6,252,3841,1789,1078,187,0.45299999999999996,0.24100000000000002,0.74,15.2,7.1,4.3,0.7,5.8,0.07200000000000001,-2.1,-0.1
14,2008,15,PHO,Robin Lopez,Stanford University,11,766,17649,6943,4045,642,0.531,0.21600000000000003,0.757,23.0,9.1,5.3,0.8,43.0,0.11699999999999999,0.1,9.3
15,2008,16,PHI,Marreese Speights,University of Florida,10,705,10640,5592,2875,461,0.45899999999999996,0.35600000000000004,0.797,15.1,7.9,4.1,0.7,25.8,0.11599999999999999,-2.8,-2.2
16,2008,17,TOR,Roy Hibbert,Georgetown University,9,662,16389,6611,4173,885,0.465,0.25,0.755,24.8,10.0,6.3,1.3,35.9,0.105,0.2,9.1
17,2008,18,WAS,JaVale McGee,"University of Nevada, Reno",11,633,11002,5073,3219,240,0.57,0.07400000000000001,0.588,17.4,8.0,5.1,0.4,31.9,0.139,-0.1,5.2
18,2008,19,CLE,J.J. Hickson,North Carolina State University,8,534,11925,5081,3639,449,0.505,0.0,0.617,22.3,9.5,6.8,0.8,21.9,0.08800000000000001,-2.3,-0.9
19,2008,20,CHA,Alexis Ajinca,,7,293,3905,1553,1150,143,0.503,0.28600000000000003,0.797,13.3,5.3,3.9,0.5,7.5,0.09300000000000001,-2.5,-0.5
20,2008,21,NJN,Ryan Anderson,University of California,11,647,16755,7996,3406,584,0.42200000000000004,0.38,0.8540000000000001,25.9,12.4,5.3,0.9,46.7,0.134,0.6,11.0
21,2008,22,ORL,Courtney Lee,Western Kentucky University,11,787,21593,7658,2095,1341,0.45,0.387,0.853,27.4,9.7,2.7,1.7,38.7,0.086,-0.2,9.8
22,2008,23,UTA,Kosta Koufos,Ohio State University,11,686,11271,3913,3452,359,0.534,0.0,0.5820000000000001,16.4,5.7,5.0,0.5,28.3,0.12,-0.9,3.3
23,2008,24,SEA,Serge Ibaka,,10,753,21624,9298,5492,545,0.514,0.35700000000000004,0.7609999999999999,28.7,12.3,7.3,0.7,63.9,0.142,0.6,14.3
24,2008,25,HOU,Nicolas Batum,,11,767,24228,9039,4037,2901,0.435,0.358,0.841,31.6,11.8,5.3,3.8,54.1,0.107,2.4,26.8
25,2008,26,SAS,George Hill,Indiana University-Purdue University Indianapolis,11,726,20471,8164,2253,2324,0.45299999999999996,0.37799999999999995,0.8009999999999999,28.2,11.2,3.1,3.2,59.9,0.14,1.7,19.0
26,2008,27,NOH,Darrell Arthur,University of Kansas,9,503,8945,3282,1768,409,0.444,0.35200000000000004,0.765,17.8,6.5,3.5,0.8,12.3,0.066,-1.9,0.3
27,2008,28,MEM,Donte Greene,Syracuse University,4,253,4259,1541,600,183,0.406,0.304,0.701,16.8,6.1,2.4,0.7,1.5,0.017,-3.8,-2.0
28,2008,29,DET,D.J. White,Indiana University,6,138,2111,810,437,80,0.507,0.33299999999999996,0.72,15.3,5.9,3.2,0.6,3.8,0.087,-3.4,-0.7
29,2008,30,BOS,J.R. Giddens,University of New Mexico,2,38,247,73,54,13,0.47600000000000003,0.0,0.565,6.5,1.9,1.4,0.3,0.1,0.027000000000000003,-4.6,-0.2
32,2008,31,MIN,Nikola Pekovic,,6,271,6744,3405,1807,199,0.518,0.0,0.76,24.9,12.6,6.7,0.7,18.8,0.134,-0.8,2.0
33,2008,32,SEA,Walter Sharpe,University of Alabama at Birmingham,1,8,20,8,3,0,0.364,0.0,0.0,2.5,1.0,0.4,0.0,-0.1,-0.131,-16.5,-0.1
34,2008,33,POR,Joey Dorsey,University of Memphis,4,130,1488,344,513,55,0.534,0.0,0.375,11.4,2.6,3.9,0.4,2.9,0.092,-1.3,0.3
35,2008,34,MIN,Mario Chalmers,University of Kansas,9,646,17245,5743,1585,2412,0.41700000000000004,0.35100000000000003,0.7929999999999999,26.7,8.9,2.5,3.7,32.3,0.09,0.3,9.8
36,2008,35,LAC,DeAndre Jordan,Texas A&M University,11,819,23092,7836,8890,713,0.67,0.091,0.466,28.2,9.6,10.9,0.9,83.4,0.17300000000000001,2.2,24.4
37,2008,36,POR,Omer Asik,,8,471,9216,2479,3362,280,0.528,0.0,0.551,19.6,5.3,7.1,0.6,20.9,0.109,-1.5,1.1
38,2008,37,MIL,Luc Mbah a Moute,"University of California, Los Angeles",11,686,16013,4375,2798,588,0.45399999999999996,0.335,0.66,23.3,6.4,4.1,0.9,26.0,0.078,-0.8,4.9
39,2008,38,CHA,Kyle Weaver,Washington State University,3,73,1379,363,158,119,0.441,0.353,0.736,18.9,5.0,2.2,1.6,1.5,0.051,-1.3,0.3
40,2008,39,CHI,Sonny Weems,University of Arkansas,4,183,3335,1189,402,257,0.465,0.28300000000000003,0.7020000000000001,18.2,6.5,2.2,1.4,0.0,0.001,-4.2,-1.9
41,2008,40,NJN,Chris Douglas-Roberts,University of Memphis,6,222,4381,1571,472,254,0.439,0.32899999999999996,0.831,19.7,7.1,2.1,1.1,5.4,0.059000000000000004,-2.9,-1.0
42,2008,41,IND,Nathan Jawai,,2,45,431,126,106,24,0.435,0.0,0.684,9.6,2.8,2.4,0.5,0.2,0.02,-4.0,-0.2
43,2008,42,SAC,Sean Singletary,University of Virginia,1,37,303,90,35,29,0.365,0.4,0.857,8.2,2.4,0.9,0.8,0.0,0.006,-4.9,-0.2
44,2008,43,SAC,Patrick Ewing,Georgetown University,1,7,19,3,2,2,0.0,0.0,0.75,2.7,0.4,0.3,0.3,-0.1,-0.158,-9.3,0.0
45,2008,44,UTA,Ante Tomic,,0,0,0,0,0,0,0.0,0.0,0.0,0.0,0.0,0.0,0.0,0.0,0.0,0.0,0.0
46,2008,45,SAS,Goran Dragic,,11,758,21236,10421,2315,3648,0.466,0.363,0.762,28.0,13.7,3.1,4.8,51.0,0.115,1.1,16.7
47,2008,46,SEA,Trent Plaisted,Brigham Young University Hawaii,0,0,0,0,0,0,0.0,0.0,0.0,0.0,0.0,0.0,0.0,0.0,0.0,0.0,0.0
48,2008,47,WAS,Bill Walker,Kansas State University,5,181,3016,1079,401,153,0.446,0.369,0.76,16.7,6.0,2.2,0.8,5.0,0.079,-1.3,0.5
49,2008,48,PHO,Malik Hairston,University of Oregon,2,62,472,149,77,29,0.512,0.16699999999999998,0.514,7.6,2.4,1.2,0.5,0.8,0.086,-1.9,0.0
50,2008,49,GSW,Richard Hendrix,University of Alabama,0,0,0,0,0,0,0.0,0.0,0.0,0.0,0.0,0.0,0.0,0.0,0.0,0.0,0.0
51,2008,50,SEA,DeVon Hardin,University of California,0,0,0,0,0,0,0.0,0.0,0.0,0.0,0.0,0.0,0.0,0.0,0.0,0.0,0.0
52,2008,51,DAL,Shan Foster,Vanderbilt University,0,0,0,0,0,0,0.0,0.0,0.0,0.0,0.0,0.0,0.0,0.0,0.0,0.0,0.0
53,2008,52,MIA,Darnell Jackson,University of Kansas,3,138,1039,308,203,26,0.449,0.235,0.644,7.5,2.2,1.5,0.2,1.3,0.059000000000000004,-4.9,-0.7
54,2008,53,UTA,Tadija Dragicevic,,0,0,0,0,0,0,0.0,0.0,0.0,0.0,0.0,0.0,0.0,0.0,0.0,0.0,0.0
55,2008,54,HOU,Maarty Leunen,University of Oregon,0,0,0,0,0,0,0.0,0.0,0.0,0.0,0.0,0.0,0.0,0.0,0.0,0.0,0.0
56,2008,55,POR,Mike Taylor,Iowa State University,1,51,771,289,87,106,0.41200000000000003,0.325,0.691,15.1,5.7,1.7,2.1,-0.4,-0.027999999999999997,-5.5,-0.7
57,2008,56,SEA,Sasha Kaun,University of Kansas,1,25,95,23,26,3,0.529,0.0,0.455,3.8,0.9,1.0,0.1,0.2,0.096,-0.8,0.0
58,2008,57,SAS,James Gist,University of Maryland,0,0,0,0,0,0,0.0,0.0,0.0,0.0,0.0,0.0,0.0,0.0,0.0,0.0,0.0
59,2008,58,LAL,Joe Crawford,University of Kentucky,1,2,23,9,4,1,0.3,0.25,1.0,11.5,4.5,2.0,0.5,0.0,0.037000000000000005,-5.6,0.0
60,2008,59,DET,Deron Washington,Virginia Polytechnic Institute and State University,0,0,0,0,0,0,0.0,0.0,0.0,0.0,0.0,0.0,0.0,0.0,0.0,0.0,0.0
61,2008,60,BOS,Semih Erden,,2,69,928,262,190,29,0.546,0.0,0.594,13.4,3.8,2.8,0.4,1.8,0.094,-2.0,0.0
62,2009,1,LAC,Blake Griffin,University of Oklahoma,9,604,21159,13200,5417,2690,0.502,0.342,0.6920000000000001,35.0,21.9,9.0,4.5,75.3,0.171,4.0,32.3
63,2009,2,MEM,Hasheem Thabeet,University of Connecticut,5,224,2357,483,595,27,0.5670000000000001,0.0,0.578,10.5,2.2,2.7,0.1,4.8,0.099,-1.4,0.4
64,2009,3,OKC,James Harden,Arizona State University,10,765,26106,18627,4000,4743,0.44299999999999995,0.365,0.857,34.1,24.3,5.2,6.2,121.9,0.22399999999999998,7.1,59.9
65,2009,4,SAC,Tyreke Evans,University of Memphis,10,594,18242,9347,2720,2852,0.44,0.32299999999999995,0.757,30.7,15.7,4.6,4.8,28.4,0.075,0.7,12.6
66,2009,5,MIN,Ricky Rubio,,8,498,15370,5525,2092,3817,0.38799999999999996,0.322,0.838,30.9,11.1,4.2,7.7,32.2,0.10099999999999999,1.2,12.3
67,2009,6,MIN,Jonny Flynn,Syracuse University,3,163,3738,1504,307,634,0.4,0.33799999999999997,0.809,22.9,9.2,1.9,3.9,-1.1,-0.015,-4.9,-2.7
68,2009,7,GSW,Stephen Curry,Davidson College,10,694,23859,16315,3132,4588,0.47700000000000004,0.436,0.905,34.4,23.5,4.5,6.6,102.9,0.207,6.5,51.1
69,2009,8,NYK,Jordan Hill,University of Arizona,8,409,7692,3232,2389,322,0.49700000000000005,0.136,0.6990000000000001,18.8,7.9,5.8,0.8,16.4,0.102,-2.0,0.0
70,2009,9,TOR,DeMar DeRozan,University of Southern California,10,752,25674,14931,3201,2553,0.451,0.28300000000000003,0.828,34.1,19.9,4.3,3.4,60.3,0.113,-0.5,10.0
71,2009,10,MIL,Brandon Jennings,,9,555,16844,7801,1659,3151,0.387,0.345,0.7959999999999999,30.3,14.1,3.0,5.7,29.9,0.085,0.4,10.4
72,2009,11,NJN,Terrence Williams,University of Louisville,4,153,2922,1085,545,364,0.41200000000000003,0.317,0.659,19.1,7.1,3.6,2.4,-0.2,-0.004,-3.8,-1.4
73,2009,12,CHA,Gerald Henderson,Duke University,8,535,13854,5987,1716,1009,0.44,0.327,0.7929999999999999,25.9,11.2,3.2,1.9,18.3,0.063,-2.2,-0.9
74,2009,13,IND,Tyler Hansbrough,University of North Carolina,7,428,7233,2881,1808,181,0.439,0.136,0.738,16.9,6.7,4.2,0.4,20.2,0.134,-2.5,-1.0
75,2009,14,PHO,Earl Clark,University of Louisville,6,261,3630,1138,778,134,0.40299999999999997,0.32799999999999996,0.664,13.9,4.4,3.0,0.5,2.9,0.038,-3.6,-1.5
76,2009,15,DET,Austin Daye,Gonzaga University,6,293,4132,1522,764,212,0.402,0.35100000000000003,0.778,14.1,5.2,2.6,0.7,4.5,0.053,-2.6,-0.6
77,2009,16,CHI,James Johnson,Wake Forest University,10,602,12462,4785,2166,1281,0.47700000000000004,0.305,0.695,20.7,7.9,3.6,2.1,23.5,0.09,1.1,9.7
78,2009,17,PHI,Jrue Holiday,"University of California, Los Angeles",10,652,21586,10148,2499,4151,0.452,0.355,0.784,33.1,15.6,3.8,6.4,39.1,0.087,1.3,18.0
79,2009,18,MIN,Ty Lawson,University of North Carolina,8,551,16088,6977,1506,3316,0.46,0.359,0.77,29.2,12.7,2.7,6.0,42.1,0.126,0.7,10.9
80,2009,19,ATL,Jeff Teague,Wake Forest University,10,712,19750,9049,1759,4145,0.445,0.35600000000000004,0.8420000000000001,27.7,12.7,2.5,5.8,48.3,0.11699999999999999,0.0,10.0
81,2009,20,UTA,Eric Maynor,Virginia Commonwealth University,5,267,3896,1141,348,760,0.392,0.35,0.721,14.6,4.3,1.3,2.8,3.3,0.040999999999999995,-4.7,-2.7
82,2009,21,NOH,Darren Collison,"University of California, Los Angeles",10,708,20796,8857,1885,3543,0.47100000000000003,0.39399999999999996,0.853,29.4,12.5,2.7,5.0,49.9,0.115,0.1,11.1
83,2009,22,POR,Victor Claver,,3,80,1072,258,178,56,0.39799999999999996,0.293,0.585,13.4,3.2,2.2,0.7,0.2,0.011000000000000001,-3.3,-0.4
84,2009,23,SAC,Omri Casspi,,10,588,11959,4642,2355,662,0.45399999999999996,0.368,0.6779999999999999,20.3,7.9,4.0,1.1,19.6,0.078,-1.5,1.6
85,2009,24,DAL,Byron Mullens,Ohio State University,5,189,3446,1398,790,153,0.408,0.319,0.706,18.2,7.4,4.2,0.8,0.6,0.008,-4.6,-2.3
86,2009,25,OKC,Rodrigue Beaubois,,4,182,2896,1286,338,374,0.439,0.325,0.81,15.9,7.1,1.9,2.1,4.8,0.079,-0.1,1.4
87,2009,26,CHI,Taj Gibson,University of Southern California,10,737,19069,7239,4731,760,0.512,0.212,0.7090000000000001,25.9,9.8,6.4,1.0,49.8,0.125,0.1,10.0
88,2009,27,MEM,DeMarre Carroll,University of Missouri,10,554,13385,5063,2399,701,0.43,0.36,0.743,24.2,9.1,4.3,1.3,29.3,0.105,0.7,9.1
89,2009,28,MIN,Wayne Ellington,University of North Carolina,10,645,13720,5278,1416,711,0.41,0.379,0.846,21.3,8.2,2.2,1.1,17.8,0.062,-2.0,-0.1
90,2009,29,LAL,Toney Douglas,Florida State University,8,394,7511,3009,875,889,0.40399999999999997,0.354,0.8240000000000001,19.1,7.6,2.2,2.3,12.1,0.077,-0.6,2.6
91,2009,30,CLE,Christian Eyenga,,2,51,1049,320,137,40,0.41100000000000003,0.27699999999999997,0.611,20.6,6.3,2.7,0.8,-0.4,-0.02,-4.0,-0.5
94,2009,31,SAC,Jeff Pendergraph,Arizona State University,6,237,2322,690,632,99,0.5529999999999999,0.4,0.7759999999999999,9.8,2.9,2.7,0.4,6.3,0.131,-1.4,0.4
95,2009,32,WAS,Jermaine Taylor,University of Central Florida,2,65,786,351,108,48,0.441,0.284,0.73,12.1,5.4,1.7,0.7,0.2,0.013999999999999999,-4.6,-0.5
96,2009,33,POR,Dante Cunningham,Villanova University,10,715,14875,4133,2676,506,0.469,0.345,0.649,20.8,5.8,3.7,0.7,24.9,0.08,-1.0,3.7
97,2009,34,DEN,Sergio Llull,,0,0,0,0,0,0,0.0,0.0,0.0,0.0,0.0,0.0,0.0,0.0,0.0,0.0,0.0
98,2009,35,DET,DaJuan Summers,Georgetown University,4,83,820,278,82,29,0.384,0.36700000000000005,0.642,9.9,3.3,1.0,0.3,-0.1,-0.008,-6.4,-0.9
99,2009,36,MEM,Sam Young,University of Pittsburgh,4,249,3966,1436,573,180,0.442,0.28,0.742,15.9,5.8,2.3,0.7,5.2,0.063,-2.9,-0.9
100,2009,37,SAS,DeJuan Blair,University of Pittsburgh,7,424,7054,2865,2153,349,0.524,0.0,0.608,16.6,6.8,5.1,0.8,19.0,0.129,0.4,4.2
101,2009,38,POR,Jon Brockman,University of Washington,3,150,1570,320,472,49,0.488,0.0,0.618,10.5,2.1,3.1,0.3,3.7,0.113,-2.1,0.0
102,2009,39,DET,Jonas Jerebko,,9,635,11323,3919,2522,525,0.457,0.363,0.77,17.8,6.2,4.0,0.8,25.8,0.109,-0.8,3.3
103,2009,40,CHA,Derrick Brown,Xavier University,3,171,2554,895,413,119,0.515,0.317,0.637,14.9,5.2,2.4,0.7,4.5,0.085,-1.6,0.2
104,2009,41,MIL,Jodie Meeks,University of Kentucky,10,539,12110,4988,1120,583,0.42,0.373,0.879,22.5,9.3,2.1,1.1,24.3,0.096,-0.6,4.2
105,2009,42,LAL,Patrick Beverley,University of Arkansas,7,380,10761,3438,1618,1312,0.41200000000000003,0.38,0.77,28.3,9.0,4.3,3.5,24.8,0.11,1.9,10.6
106,2009,43,MIA,Marcus Thornton,Louisiana State University,8,483,11299,5750,1348,677,0.425,0.358,0.83,23.4,11.9,2.8,1.4,20.0,0.085,-0.8,3.4
107,2009,44,DET,Chase Budinger,University of Arizona,7,407,7998,3198,1240,473,0.43,0.35200000000000004,0.797,19.7,7.9,3.0,1.2,13.9,0.083,-1.4,1.2
108,2009,45,MIN,Nick Calathes,University of Florida,2,129,2011,590,243,353,0.441,0.28800000000000003,0.581,15.6,4.6,1.9,2.7,2.6,0.063,-0.7,0.6
109,2009,46,CLE,Danny Green,University of North Carolina,10,620,15769,5576,2169,997,0.424,0.40399999999999997,0.8170000000000001,25.4,9.0,3.5,1.6,39.2,0.11900000000000001,3.0,19.9
110,2009,47,MIN,Henk Norel,,0,0,0,0,0,0,0.0,0.0,0.0,0.0,0.0,0.0,0.0,0.0,0.0,0.0,0.0
111,2009,48,PHO,Taylor Griffin,University of Oklahoma,1,8,32,10,2,1,0.4,0.0,0.5,4.0,1.3,0.3,0.1,0.0,-0.039,-7.3,0.0
112,2009,49,ATL,Sergiy Gladyr,,0,0,0,0,0,0,0.0,0.0,0.0,0.0,0.0,0.0,0.0,0.0,0.0,0.0,0.0
113,2009,50,UTA,Goran Suton,Michigan State University,0,0,0,0,0,0,0.0,0.0,0.0,0.0,0.0,0.0,0.0,0.0,0.0,0.0,0.0
114,2009,51,SAS,Jack McClinton,University of Miami,0,0,0,0,0,0,0.0,0.0,0.0,0.0,0.0,0.0,0.0,0.0,0.0,0.0,0.0
115,2009,52,IND,A.J. Price,University of Connecticut,6,261,3929,1523,377,567,0.38,0.316,0.742,15.1,5.8,1.4,2.2,4.7,0.057999999999999996,-2.4,-0.4
116,2009,53,SAS,Nando De Colo,,2,119,1414,453,211,203,0.429,0.363,0.835,11.9,3.8,1.8,1.7,2.4,0.081,-0.8,0.4
117,2009,54,CHA,Robert Vaden,University of Alabama at Birmingham,0,0,0,0,0,0,0.0,0.0,0.0,0.0,0.0,0.0,0.0,0.0,0.0,0.0,0.0
118,2009,55,POR,Patrick Mills,Saint Mary's College of California,10,605,11497,5094,1010,1431,0.431,0.391,0.8490000000000001,19.0,8.4,1.7,2.4,27.5,0.115,0.4,7.1
119,2009,56,DAL,Ahmad Nivins,Saint Joseph's University,0,0,0,0,0,0,0.0,0.0,0.0,0.0,0.0,0.0,0.0,0.0,0.0,0.0,0.0
120,2009,57,PHO,Emir Preldzic,,0,0,0,0,0,0,0.0,0.0,0.0,0.0,0.0,0.0,0.0,0.0,0.0,0.0,0.0
121,2009,58,BOS,Lester Hudson,University of Tennessee at Martin,4,57,594,268,77,71,0.375,0.27699999999999997,0.8059999999999999,10.4,4.7,1.4,1.2,0.2,0.016,-2.7,-0.1
122,2009,59,LAL,Chinemelu Elonu,Texas A&M University,0,0,0,0,0,0,0.0,0.0,0.0,0.0,0.0,0.0,0.0,0.0,0.0,0.0,0.0
123,2009,60,MIA,Robert Dozier,University of Memphis,0,0,0,0,0,0,0.0,0.0,0.0,0.0,0.0,0.0,0.0,0.0,0.0,0.0,0.0
124,2010,1,WAS,John Wall,University of Kentucky,9,573,20545,10879,2483,5282,0.433,0.324,0.7809999999999999,35.9,19.0,4.3,9.2,44.3,0.10400000000000001,2.3,22.1
125,2010,2,PHI,Evan Turner,Ohio State University,9,686,18687,6762,3240,2424,0.435,0.29600000000000004,0.7809999999999999,27.2,9.9,4.7,3.5,20.5,0.053,-2.0,0.1
126,2010,3,NJN,Derrick Favors,Georgia Institute of Technology,9,632,16267,7320,4547,701,0.525,0.21,0.664,25.7,11.6,7.2,1.1,49.5,0.146,1.4,14.1
127,2010,4,MIN,Wesley Johnson,Syracuse University,9,609,13472,4235,1924,645,0.40399999999999997,0.337,0.741,22.1,7.0,3.2,1.1,10.7,0.038,-1.2,2.9
128,2010,5,SAC,DeMarcus Cousins,University of Kentucky,9,565,18078,12006,6131,1832,0.461,0.332,0.737,32.0,21.2,10.9,3.2,44.1,0.11699999999999999,2.9,22.5
129,2010,6,GSW,Ekpe Udoh,Baylor University,7,384,5694,1353,1100,260,0.45299999999999996,0.0,0.718,14.8,3.5,2.9,0.7,10.4,0.08800000000000001,0.2,3.2
130,2010,7,DET,Greg Monroe,Georgetown University,9,632,17475,8326,5229,1354,0.514,0.059000000000000004,0.7040000000000001,27.7,13.2,8.3,2.1,49.7,0.136,1.9,17.2
131,2010,8,LAC,Al-Farouq Aminu,Wake Forest University,9,670,16884,5170,4083,827,0.423,0.337,0.747,25.2,7.7,6.1,1.2,27.4,0.078,0.0,8.5
132,2010,9,UTA,Gordon Hayward,Butler University,9,589,18032,8904,2472,2006,0.446,0.364,0.821,30.6,15.1,4.2,3.4,47.9,0.128,1.9,17.5
133,2010,10,IND,Paul George,"California State University, Fresno",9,604,20424,11983,3891,2000,0.433,0.37799999999999995,0.8440000000000001,33.8,19.8,6.4,3.3,65.2,0.153,3.8,29.9
134,2010,11,NOH,Cole Aldrich,University of Kansas,8,339,3389,1050,1131,183,0.527,0.0,0.738,10.0,3.1,3.3,0.5,9.6,0.135,1.0,2.6
135,2010,12,MEM,Xavier Henry,University of Kansas,5,185,2905,1050,351,120,0.406,0.325,0.635,15.7,5.7,1.9,0.6,0.8,0.013000000000000001,-5.1,-2.3
136,2010,13,TOR,Ed Davis,University of North Carolina,9,640,12953,4164,4332,499,0.569,0.0,0.584,20.2,6.5,6.8,0.8,41.3,0.153,0.9,9.5
137,2010,14,HOU,Patrick Patterson,University of Kentucky,9,622,13565,4293,2573,666,0.45,0.36700000000000005,0.7490000000000001,21.8,6.9,4.1,1.1,28.7,0.102,0.3,7.7
138,2010,15,MIL,Larry Sanders,Virginia Commonwealth University,6,238,4635,1520,1345,174,0.48,0.0,0.5529999999999999,19.5,6.4,5.7,0.7,10.3,0.107,0.6,3.0
139,2010,16,MIN,Luke Babbitt,"University of Nevada, Reno",8,381,5332,1818,846,224,0.408,0.402,0.747,14.0,4.8,2.2,0.6,7.2,0.065,-2.8,-1.0
140,2010,17,CHI,Kevin Seraphin,,7,423,6430,2516,1462,246,0.489,0.0,0.715,15.2,5.9,3.5,0.6,5.9,0.044000000000000004,-3.9,-3.1
141,2010,18,OKC,Eric Bledsoe,University of Kentucky,9,570,15903,8034,2229,2724,0.455,0.336,0.794,27.9,14.1,3.9,4.8,37.0,0.11199999999999999,2.2,16.8
142,2010,19,BOS,Avery Bradley,University of Texas at Austin,9,522,14957,6289,1555,949,0.436,0.364,0.778,28.7,12.0,3.0,1.8,14.6,0.047,-1.8,0.6
143,2010,20,SAS,James Anderson,Oklahoma State University,5,247,4320,1422,560,291,0.41100000000000003,0.321,0.755,17.5,5.8,2.3,1.2,3.3,0.037000000000000005,-2.8,-0.9
144,2010,21,OKC,Craig Brackins,Iowa State University,2,17,121,30,19,9,0.265,0.214,0.5,7.1,1.8,1.1,0.5,-0.2,-0.08900000000000001,-9.1,-0.2
145,2010,22,POR,Elliot Williams,University of Memphis,4,109,1470,537,161,94,0.42100000000000004,0.31,0.669,13.5,4.9,1.5,0.9,0.7,0.024,-5.3,-1.2
146,2010,23,MIN,Trevor Booker,Clemson University,8,532,10872,3679,2932,566,0.515,0.305,0.636,20.4,6.9,5.5,1.1,26.2,0.11599999999999999,0.2,6.0
147,2010,24,ATL,Damion James,University of Texas at Austin,4,39,623,150,131,26,0.415,0.0,0.667,16.0,3.8,3.4,0.7,0.0,-0.001,-4.3,-0.4
148,2010,25,MEM,Dominique Jones,University of South Florida,3,80,741,246,114,144,0.366,0.095,0.7290000000000001,9.3,3.1,1.4,1.8,0.3,0.017,-3.6,-0.3
149,2010,26,OKC,Quincy Pondexter,University of Washington,7,355,5530,1609,640,263,0.423,0.35600000000000004,0.746,15.6,4.5,1.8,0.7,9.7,0.084,-1.2,1.1
150,2010,27,NJN,Jordan Crawford,Xavier University,6,281,6843,3432,703,883,0.41100000000000003,0.317,0.826,24.4,12.2,2.5,3.1,6.3,0.044000000000000004,-2.1,-0.2
151,2010,28,MEM,Greivis Vasquez,University of Maryland,7,401,9520,3591,1021,1935,0.418,0.349,0.8170000000000001,23.7,9.0,2.5,4.8,12.6,0.064,-1.5,1.1
152,2010,29,ORL,Daniel Orton,University of Kentucky,3,51,542,143,126,24,0.485,0.0,0.597,10.6,2.8,2.5,0.5,1.0,0.09300000000000001,-1.7,0.0
153,2010,30,WAS,Lazar Hayward,Marquette University,3,72,591,207,90,35,0.34700000000000003,0.26899999999999996,0.767,8.2,2.9,1.3,0.5,0.2,0.02,-4.6,-0.4
156,2010,31,NJN,Tibor Pleiss,,1,12,82,24,15,2,0.44,0.0,1.0,6.8,2.0,1.3,0.2,-0.1,-0.040999999999999995,-8.1,-0.1
157,2010,32,MIA,Dexter Pittman,University of Texas at Austin,4,50,347,116,89,9,0.45,0.0,0.545,6.9,2.3,1.8,0.2,0.5,0.068,-6.0,-0.4
158,2010,33,SAC,Hassan Whiteside,Marshall University,7,343,8929,4583,3909,203,0.574,0.222,0.593,26.0,13.4,11.4,0.6,36.8,0.198,0.4,5.5
159,2010,34,POR,Armon Johnson,"University of Nevada, Reno",2,47,401,157,49,56,0.45799999999999996,0.4,0.679,8.5,3.3,1.0,1.2,-0.1,-0.015,-6.2,-0.4
160,2010,35,WAS,Nemanja Bjelica,,4,269,5424,1906,1172,395,0.46,0.381,0.755,20.2,7.1,4.4,1.5,10.7,0.095,0.6,3.6
161,2010,36,DET,Terrico White,University of Mississippi,0,0,0,0,0,0,0.0,0.0,0.0,0.0,0.0,0.0,0.0,0.0,0.0,0.0,0.0
162,2010,37,MIL,Darington Hobson,University of New Mexico,1,5,39,4,3,6,0.154,0.0,0.0,7.8,0.8,0.6,1.2,-0.2,-0.225,-14.1,-0.1
163,2010,38,NYK,Andy Rautins,Syracuse University,1,5,24,8,1,3,0.429,0.25,0.5,4.8,1.6,0.2,0.6,-0.2,-0.314,-16.0,-0.1
164,2010,39,NYK,Landry Fields,Stanford University,5,255,6010,1731,1092,419,0.473,0.332,0.6659999999999999,23.6,6.8,4.3,1.6,10.5,0.084,-0.1,2.8
165,2010,40,IND,Lance Stephenson,University of Cincinnati,9,508,11866,4354,2124,1456,0.444,0.315,0.685,23.4,8.6,4.2,2.9,16.7,0.068,-0.8,3.5
166,2010,41,MIA,Jarvis Varnado,Mississippi State University,2,37,397,107,72,16,0.5820000000000001,0.0,0.518,10.7,2.9,1.9,0.4,0.7,0.08900000000000001,-1.9,0.0
167,2010,42,MIA,Da'Sean Butler,West Virginia University,0,0,0,0,0,0,0.0,0.0,0.0,0.0,0.0,0.0,0.0,0.0,0.0,0.0,0.0
168,2010,43,LAL,Devin Ebanks,West Virginia University,3,63,711,224,122,24,0.385,0.222,0.722,11.3,3.6,1.9,0.4,0.5,0.035,-4.7,-0.5
169,2010,44,MIL,Jerome Jordan,University of Tulsa,2,65,491,180,132,17,0.528,0.0,0.852,7.6,2.8,2.0,0.3,1.7,0.168,0.0,0.2
170,2010,45,MIN,Paulao Prestes,,0,0,0,0,0,0,0.0,0.0,0.0,0.0,0.0,0.0,0.0,0.0,0.0,0.0,0.0
171,2010,46,PHO,Gani Lawal,Georgia Institute of Technology,1,1,2,0,0,0,0.0,0.0,0.0,2.0,0.0,0.0,0.0,0.0,-0.009000000000000001,-4.9,0.0
172,2010,47,MIL,Tiny Gallon,University of Oklahoma,0,0,0,0,0,0,0.0,0.0,0.0,0.0,0.0,0.0,0.0,0.0,0.0,0.0,0.0
173,2010,48,MIA,Latavious Williams,,0,0,0,0,0,0,0.0,0.0,0.0,0.0,0.0,0.0,0.0,0.0,0.0,0.0,0.0
174,2010,49,SAS,Ryan Richards,,0,0,0,0,0,0,0.0,0.0,0.0,0.0,0.0,0.0,0.0,0.0,0.0,0.0,0.0
175,2010,50,DAL,Solomon Alabi,Florida State University,2,26,181,39,61,5,0.314,0.0,0.7,7.0,1.5,2.3,0.2,0.0,0.01,-5.4,-0.2
176,2010,51,OKC,Magnum Rolle,Louisiana Tech University,0,0,0,0,0,0,0.0,0.0,0.0,0.0,0.0,0.0,0.0,0.0,0.0,0.0,0.0
177,2010,52,BOS,Luke Harangody,University of Notre Dame,2,70,871,253,196,36,0.376,0.24100000000000002,0.737,12.4,3.6,2.8,0.5,0.9,0.048,-3.3,-0.3
178,2010,53,ATL,Pape Sy,,1,3,21,7,3,2,0.33299999999999996,0.0,1.0,7.0,2.3,1.0,0.7,0.0,-0.047,-6.0,0.0
179,2010,54,LAC,Willie Warren,University of Oklahoma,1,19,134,37,12,27,0.371,0.33299999999999996,0.75,7.1,1.9,0.6,1.4,0.2,0.065,-4.5,-0.1
180,2010,55,UTA,Jeremy Evans,Western Kentucky University,7,250,2626,879,641,107,0.569,0.231,0.687,10.5,3.5,2.6,0.4,8.2,0.15,1.0,2.0
181,2010,56,MIN,Hamady N'Diaye,Rutgers University,3,33,157,20,25,3,0.467,0.0,0.462,4.8,0.6,0.8,0.1,0.0,0.013000000000000001,-4.9,-0.1
182,2010,57,IND,Ryan Reid,Florida State University,1,5,17,8,2,0,0.8,0.0,0.0,3.4,1.6,0.4,0.0,0.1,0.142,-5.5,0.0
183,2010,58,LAL,Derrick Caracter,University of Texas at El Paso,1,41,215,81,43,7,0.485,0.0,0.7390000000000001,5.2,2.0,1.0,0.2,0.3,0.057,-4.9,-0.2
184,2010,59,ORL,Stanley Robinson,University of Connecticut,0,0,0,0,0,0,0.0,0.0,0.0,0.0,0.0,0.0,0.0,0.0,0.0,0.0,0.0
185,2010,60,PHO,Dwayne Collins,University of Miami,0,0,0,0,0,0,0.0,0.0,0.0,0.0,0.0,0.0,0.0,0.0,0.0,0.0,0.0
186,2011,1,CLE,Kyrie Irving,Duke University,8,508,17169,11294,1852,2884,0.465,0.39,0.875,33.8,22.2,3.6,5.7,58.4,0.163,3.7,24.9
187,2011,2,MIN,Derrick Williams,University of Arizona,7,428,8864,3809,1693,293,0.434,0.3,0.71,20.7,8.9,4.0,0.7,14.1,0.076,-3.2,-2.6
188,2011,3,UTA,Enes Kanter,,8,583,12949,6946,4436,490,0.541,0.294,0.78,22.2,11.9,7.6,0.8,39.6,0.147,-1.3,2.1
189,2011,4,CLE,Tristan Thompson,University of Texas at Austin,8,562,15651,5155,4816,504,0.519,0.0,0.61,27.8,9.2,8.6,0.9,40.0,0.12300000000000001,-0.6,5.5
190,2011,5,TOR,Jonas Valanciunas,,7,489,12301,5903,4164,391,0.5579999999999999,0.35700000000000004,0.7859999999999999,25.2,12.1,8.5,0.8,45.3,0.177,0.0,6.1
191,2011,6,WAS,Jan Vesely,,3,162,2455,590,562,96,0.521,0.0,0.408,15.2,3.6,3.5,0.6,4.0,0.078,-0.6,0.9
192,2011,7,SAC,Bismack Biyombo,,8,583,11835,2880,3660,288,0.517,0.0,0.5710000000000001,20.3,4.9,6.3,0.5,22.9,0.09300000000000001,-2.0,0.1
193,2011,8,DET,Brandon Knight,University of Kentucky,7,421,12675,6086,1336,1700,0.413,0.354,0.812,30.1,14.5,3.2,4.0,11.6,0.044000000000000004,-1.5,1.7
194,2011,9,CHA,Kemba Walker,University of Connecticut,8,605,20607,12009,2317,3308,0.418,0.35700000000000004,0.835,34.1,19.8,3.8,5.5,48.5,0.113,2.5,23.2
195,2011,10,MIL,Jimmer Fredette,Brigham Young University,6,241,3213,1438,243,331,0.409,0.37200000000000005,0.879,13.3,6.0,1.0,1.4,2.2,0.033,-4.2,-1.8
196,2011,11,GSW,Klay Thompson,Washington State University,8,615,20340,11995,2130,1416,0.45899999999999996,0.419,0.848,33.1,19.5,3.5,2.3,46.8,0.11,0.2,11.3
197,2011,12,UTA,Alec Burks,University of Colorado,8,429,9052,4089,1304,729,0.423,0.355,0.7709999999999999,21.1,9.5,3.0,1.7,13.0,0.069,-2.2,-0.5
198,2011,13,PHO,Markieff Morris,University of Kansas,8,579,15039,6726,3185,980,0.449,0.33799999999999997,0.778,26.0,11.6,5.5,1.7,23.7,0.076,-0.8,4.5
199,2011,14,HOU,Marcus Morris,University of Kansas,8,545,14454,6293,2514,828,0.431,0.36,0.747,26.5,11.5,4.6,1.5,26.8,0.08900000000000001,-0.6,4.9
200,2011,15,IND,Kawhi Leonard,San Diego State University,8,467,14404,8250,2950,1123,0.495,0.38299999999999995,0.848,30.8,17.7,6.3,2.4,65.8,0.21899999999999997,6.1,29.4
201,2011,16,PHI,Nikola Vucevic,University of Southern California,8,536,16105,8411,5437,1310,0.502,0.332,0.741,30.0,15.7,10.1,2.4,41.7,0.124,1.7,15.2
202,2011,17,NYK,Iman Shumpert,Georgia Institute of Technology,8,446,11218,3264,1499,833,0.39299999999999996,0.34,0.7659999999999999,25.2,7.3,3.4,1.9,12.9,0.055,-0.5,4.2
203,2011,18,WAS,Chris Singleton,Florida State University,3,148,2605,612,472,92,0.376,0.319,0.633,17.6,4.1,3.2,0.6,2.3,0.042,-2.3,-0.2
204,2011,19,CHA,Tobias Harris,University of Tennessee,8,546,16592,8435,3250,1029,0.47100000000000003,0.364,0.8220000000000001,30.4,15.4,6.0,1.9,39.4,0.114,0.1,9.0
205,2011,20,MIN,Donatas Motiejunas,,6,251,4566,1832,952,269,0.469,0.3,0.597,18.2,7.3,3.8,1.1,7.1,0.075,-2.0,0.0
206,2011,21,POR,Nolan Smith,Duke University,2,84,829,277,83,97,0.371,0.26,0.7140000000000001,9.9,3.3,1.0,1.2,-0.8,-0.047,-6.5,-0.9
207,2011,22,DEN,Kenneth Faried,Morehead State University,8,478,11728,5430,3884,470,0.546,0.222,0.654,24.5,11.4,8.1,1.0,38.8,0.159,1.1,9.3
208,2011,23,HOU,Nikola Mirotic,,5,319,7718,3910,1894,407,0.423,0.359,0.8079999999999999,24.2,12.3,5.9,1.3,20.8,0.129,0.7,5.3
209,2011,24,OKC,Reggie Jackson,Boston College,8,530,13377,6835,1567,2330,0.429,0.33299999999999996,0.8590000000000001,25.2,12.9,3.0,4.4,28.2,0.10099999999999999,-0.1,6.6
210,2011,25,BOS,MarShon Brooks,Providence College,5,200,3456,1592,424,282,0.447,0.345,0.7509999999999999,17.3,8.0,2.1,1.4,3.3,0.046,-2.5,-0.4
211,2011,26,DAL,Jordan Hamilton,University of Texas at Austin,5,151,2100,890,429,127,0.408,0.35700000000000004,0.67,13.9,5.9,2.8,0.8,3.0,0.069,-1.5,0.3
212,2011,27,NJN,JaJuan Johnson,Purdue University,1,36,298,114,58,6,0.446,0.0,0.667,8.3,3.2,1.6,0.2,0.2,0.032,-6.3,-0.3
213,2011,28,CHI,Norris Cole,Cleveland State University,6,360,8018,2506,702,981,0.40700000000000003,0.324,0.743,22.3,7.0,2.0,2.7,3.0,0.018000000000000002,-4.0,-4.0
214,2011,29,SAS,Cory Joseph,University of Texas at Austin,8,528,11356,3665,1363,1485,0.444,0.327,0.7609999999999999,21.5,6.9,2.6,2.8,21.8,0.092,-0.6,3.9
215,2011,30,CHI,Jimmy Butler,Marquette University,8,523,17229,8730,2577,1805,0.45399999999999996,0.341,0.835,32.9,16.7,4.9,3.5,66.1,0.184,4.0,26.0
218,2011,31,MIA,Bojan Bogdanovic,,5,399,11089,5295,1348,558,0.46299999999999997,0.389,0.846,27.8,13.3,3.4,1.4,18.4,0.08,-1.7,1.0
219,2011,32,CLE,Justin Harper,University of Richmond,3,22,150,45,18,4,0.34,0.276,0.33299999999999996,6.8,2.0,0.8,0.2,-0.3,-0.09300000000000001,-8.4,-0.2
220,2011,33,DET,Kyle Singler,Duke University,6,356,7794,2326,1026,272,0.418,0.36200000000000004,0.7859999999999999,21.9,6.5,2.9,0.8,10.0,0.062,-1.6,0.7
221,2011,34,WAS,Shelvin Mack,Butler University,8,456,8392,2997,894,1421,0.423,0.33,0.731,18.4,6.6,2.0,3.1,10.3,0.059000000000000004,-2.7,-1.5
222,2011,35,SAC,Tyler Honeycutt,"University of California, Los Angeles",2,24,120,28,24,9,0.314,0.2,0.7140000000000001,5.0,1.2,1.0,0.4,-0.1,-0.049,-6.4,-0.1
223,2011,36,NJN,Jordan Williams,University of Maryland,1,43,635,197,156,11,0.507,0.0,0.652,14.8,4.6,3.6,0.3,1.3,0.10099999999999999,-3.1,-0.2
224,2011,37,LAC,Trey Thompkins,University of Georgia,1,24,119,57,24,3,0.39299999999999996,0.308,0.7140000000000001,5.0,2.4,1.0,0.1,0.0,0.004,-8.9,-0.2
225,2011,38,HOU,Chandler Parsons,University of Florida,8,435,13192,5557,1965,1198,0.462,0.373,0.713,30.3,12.8,4.5,2.8,29.0,0.106,1.6,12.0
226,2011,39,CHA,Jeremy Tyler,,3,104,1034,373,269,25,0.45,0.0,0.557,9.9,3.6,2.6,0.2,0.3,0.013999999999999999,-6.6,-1.2
227,2011,40,MIL,Jon Leuer,University of Wisconsin,8,377,5945,2395,1426,301,0.484,0.32799999999999996,0.767,15.8,6.4,3.8,0.8,13.2,0.107,-1.4,0.9
228,2011,41,LAL,Darius Morris,University of Michigan,4,132,1464,430,126,189,0.384,0.322,0.63,11.1,3.3,1.0,1.4,-0.3,-0.01,-5.6,-1.3
229,2011,42,IND,Davis Bertans,,3,220,3526,1365,515,220,0.444,0.40399999999999997,0.846,16.0,6.2,2.3,1.0,9.3,0.127,1.3,2.9
230,2011,43,CHI,Malcolm Lee,"University of California, Los Angeles",3,36,534,140,65,51,0.382,0.294,0.703,14.8,3.9,1.8,1.4,0.4,0.04,-2.0,0.0
231,2011,44,GSW,Charles Jenkins,Hofstra University,2,110,1334,408,100,214,0.434,0.182,0.754,12.1,3.7,0.9,1.9,0.5,0.017,-5.9,-1.3
232,2011,45,NOH,Josh Harrellson,University of Kentucky,3,75,888,265,227,26,0.43799999999999994,0.34700000000000003,0.629,11.8,3.5,3.0,0.3,2.1,0.11599999999999999,-0.7,0.3
233,2011,46,LAL,Andrew Goudelock,College of Charleston,3,49,475,197,34,24,0.39299999999999996,0.345,0.875,9.7,4.0,0.7,0.5,0.0,0.003,-6.5,-0.5
234,2011,47,LAC,Travis Leslie,University of Georgia,1,10,45,14,9,5,0.35700000000000004,0.0,0.444,4.5,1.4,0.9,0.5,0.1,0.06,-0.2,0.0
235,2011,48,ATL,Keith Benson,Oakland University,1,3,9,0,3,0,0.0,0.0,0.0,3.0,0.0,1.0,0.0,0.0,-0.005,-10.4,0.0
236,2011,49,MEM,Josh Selby,University of Kansas,2,38,296,83,20,34,0.33,0.14300000000000002,0.72,7.8,2.2,0.5,0.9,-0.7,-0.113,-10.1,-0.6
237,2011,50,PHI,Lavoy Allen,Temple University,6,388,6905,1847,1843,384,0.47100000000000003,0.133,0.682,17.8,4.8,4.8,1.0,13.8,0.096,-1.2,1.3
238,2011,51,POR,Jon Diebler,Ohio State University,0,0,0,0,0,0,0.0,0.0,0.0,0.0,0.0,0.0,0.0,0.0,0.0,0.0,0.0
239,2011,52,DET,Vernon Macklin,University of Florida,1,23,135,46,34,5,0.5429999999999999,0.0,0.5710000000000001,5.9,2.0,1.5,0.2,0.5,0.161,-0.6,0.0
240,2011,53,ORL,DeAndre Liggins,University of Kentucky,5,177,1907,346,252,122,0.402,0.35200000000000004,0.5489999999999999,10.8,2.0,1.4,0.7,1.6,0.04,-2.0,0.0
241,2011,54,CLE,Milan Macvan,,0,0,0,0,0,0,0.0,0.0,0.0,0.0,0.0,0.0,0.0,0.0,0.0,0.0,0.0
242,2011,55,BOS,E'Twaun Moore,Purdue University,8,515,11155,4144,1032,937,0.45799999999999996,0.392,0.7440000000000001,21.7,8.0,2.0,1.8,13.5,0.057999999999999996,-1.8,0.7
243,2011,56,LAL,Chukwudiebere Maduabum,,0,0,0,0,0,0,0.0,0.0,0.0,0.0,0.0,0.0,0.0,0.0,0.0,0.0,0.0
244,2011,57,DAL,Targuy Ngombo,,0,0,0,0,0,0,0.0,0.0,0.0,0.0,0.0,0.0,0.0,0.0,0.0,0.0,0.0
245,2011,58,LAL,Ater Majok,,0,0,0,0,0,0,0.0,0.0,0.0,0.0,0.0,0.0,0.0,0.0,0.0,0.0,0.0
246,2011,59,SAS,Adam Hanga,,0,0,0,0,0,0,0.0,0.0,0.0,0.0,0.0,0.0,0.0,0.0,0.0,0.0,0.0
247,2011,60,SAC,Isaiah Thomas,University of Washington,8,485,14257,9020,1220,2453,0.43700000000000006,0.36,0.8740000000000001,29.4,18.6,2.5,5.1,45.3,0.152,1.9,13.9
248,2012,1,NOH,Anthony Davis,University of Kentucky,7,466,16108,11059,4906,982,0.517,0.314,0.795,34.6,23.7,10.5,2.1,72.0,0.214,4.8,27.6
249,2012,2,CHA,Michael Kidd-Gilchrist,University of Kentucky,7,421,10697,3690,2353,501,0.47700000000000004,0.27699999999999997,0.7140000000000001,25.4,8.8,5.6,1.2,21.2,0.095,-1.1,2.4
250,2012,3,WAS,Bradley Beal,University of Florida,7,488,16779,9684,1927,1824,0.452,0.384,0.7979999999999999,34.4,19.8,3.9,3.7,36.4,0.10400000000000001,1.0,12.6
251,2012,4,CLE,Dion Waiters,Syracuse University,7,409,11628,5394,1084,1143,0.41200000000000003,0.34700000000000003,0.6920000000000001,28.4,13.2,2.7,2.8,8.7,0.036000000000000004,-2.5,-1.6
252,2012,5,SAC,Thomas Robinson,University of Kansas,5,313,4204,1528,1507,190,0.47,0.0,0.505,13.4,4.9,4.8,0.6,4.6,0.053,-3.2,-1.3
253,2012,6,POR,Damian Lillard,Weber State University,7,549,19907,12909,2289,3479,0.434,0.368,0.889,36.3,23.5,4.2,6.3,70.3,0.16899999999999998,4.0,29.9
254,2012,7,GSW,Harrison Barnes,University of North Carolina,7,540,16592,7322,2645,830,0.446,0.374,0.795,30.7,13.6,4.9,1.5,29.7,0.086,-1.4,2.6
255,2012,8,TOR,Terrence Ross,University of Washington,7,492,11942,5163,1366,535,0.423,0.374,0.8190000000000001,24.3,10.5,2.8,1.1,19.2,0.077,-0.8,3.5
256,2012,9,DET,Andre Drummond,University of Connecticut,7,542,16711,7661,7424,626,0.5429999999999999,0.147,0.44799999999999995,30.8,14.1,13.7,1.2,56.4,0.162,1.8,15.9
257,2012,10,NOH,Austin Rivers,Duke University,7,484,11923,4457,988,1154,0.41700000000000004,0.34700000000000003,0.637,24.6,9.2,2.0,2.4,9.1,0.036000000000000004,-2.8,-2.3
258,2012,11,POR,Meyers Leonard,University of Illinois at Urbana-Champaign,7,393,6095,2183,1470,338,0.479,0.385,0.828,15.5,5.6,3.7,0.9,13.4,0.106,-1.4,0.9
259,2012,12,HOU,Jeremy Lamb,University of Connecticut,7,435,8905,4455,1588,674,0.44299999999999995,0.33899999999999997,0.853,20.5,10.2,3.7,1.5,20.8,0.11199999999999999,-0.5,3.4
260,2012,13,PHO,Kendall Marshall,University of North Carolina,4,160,3083,802,253,779,0.39899999999999997,0.37,0.611,19.3,5.0,1.6,4.9,1.0,0.015,-5.6,-2.8
261,2012,14,MIL,John Henson,University of North Carolina,7,405,8152,3162,2206,442,0.539,0.273,0.5720000000000001,20.1,7.8,5.4,1.1,19.3,0.114,0.5,5.1
262,2012,15,PHI,Maurice Harkless,St. John's University,7,475,10957,3491,1757,437,0.47600000000000003,0.32299999999999995,0.614,23.1,7.3,3.7,0.9,19.2,0.084,0.2,6.2
263,2012,16,HOU,Royce White,Iowa State University,1,3,9,0,0,0,0.0,0.0,0.0,3.0,0.0,0.0,0.0,0.0,-0.121,-10.4,0.0
264,2012,17,DAL,Tyler Zeller,University of North Carolina,7,412,7250,2871,1816,367,0.509,0.28600000000000003,0.764,17.6,7.0,4.4,0.9,17.1,0.113,-1.6,0.8
265,2012,18,HOU,Terrence Jones,University of Kentucky,6,234,5562,2431,1334,238,0.501,0.297,0.621,23.8,10.4,5.7,1.0,14.7,0.127,0.1,3.0
266,2012,19,ORL,Andrew Nicholson,St. Bonaventure University,5,285,4080,1700,857,126,0.467,0.321,0.773,14.3,6.0,3.0,0.4,3.8,0.045,-5.3,-3.4
267,2012,20,DEN,Evan Fournier,,7,457,12782,6157,1262,1151,0.446,0.371,0.805,28.0,13.5,2.8,2.5,19.4,0.073,-1.0,3.1
268,2012,21,BOS,Jared Sullinger,Ohio State University,5,269,6532,2893,2006,477,0.436,0.272,0.723,24.3,10.8,7.5,1.8,15.3,0.113,0.5,4.1
269,2012,22,BOS,Fab Melo,Syracuse University,1,6,36,7,3,0,0.5,0.0,0.25,6.0,1.2,0.5,0.0,0.0,0.021,-5.8,0.0
270,2012,23,ATL,John Jenkins,Vanderbilt University,6,171,2183,855,250,138,0.441,0.36700000000000005,0.847,12.8,5.0,1.5,0.8,3.0,0.065,-3.8,-1.0
271,2012,24,CLE,Jared Cunningham,Oregon State University,4,84,605,197,56,39,0.34700000000000003,0.306,0.674,7.2,2.3,0.7,0.5,0.2,0.017,-5.9,-0.6
272,2012,25,MEM,Tony Wroten,University of Washington,4,145,3076,1604,363,437,0.413,0.231,0.647,21.2,11.1,2.5,3.0,-1.3,-0.021,-4.1,-1.6
273,2012,26,IND,Miles Plumlee,Duke University,7,346,5658,1697,1562,178,0.542,0.0,0.5429999999999999,16.4,4.9,4.5,0.5,10.6,0.09,-1.6,0.5
274,2012,27,MIA,Arnett Moultrie,Mississippi State University,2,59,729,210,180,12,0.547,0.0,0.667,12.4,3.6,3.1,0.2,1.7,0.113,-3.0,-0.2
275,2012,28,OKC,Perry Jones,Baylor University,3,143,1675,488,252,54,0.42,0.293,0.66,11.7,3.4,1.8,0.4,1.7,0.048,-4.6,-1.1
276,2012,29,CHI,Marquis Teague,University of Kentucky,3,91,909,217,90,134,0.34299999999999997,0.222,0.6609999999999999,10.0,2.4,1.0,1.5,-0.9,-0.045,-8.0,-1.4
277,2012,30,GSW,Festus Ezeli,Vanderbilt University,3,170,2394,712,725,63,0.513,0.0,0.557,14.1,4.2,4.3,0.4,5.9,0.11900000000000001,-1.1,0.6
280,2012,31,CHA,Jeff Taylor,Vanderbilt University,3,132,2566,807,263,107,0.409,0.319,0.665,19.4,6.1,2.0,0.8,1.3,0.024,-3.9,-1.2
281,2012,32,WAS,Tomas Satoransky,,3,210,4526,1387,595,777,0.489,0.4,0.792,21.6,6.6,2.8,3.7,10.3,0.109,-0.3,1.9
282,2012,33,CLE,Bernard James,Florida State University,3,92,761,203,212,13,0.49700000000000005,0.0,0.68,8.3,2.2,2.3,0.1,1.9,0.11699999999999999,-1.1,0.2
283,2012,34,CLE,Jae Crowder,Marquette University,7,543,13153,5137,2121,770,0.423,0.33899999999999997,0.778,24.2,9.5,3.9,1.4,28.7,0.105,0.6,8.8
284,2012,35,GSW,Draymond Green,Michigan State University,7,533,14979,4825,3700,2589,0.439,0.32299999999999995,0.706,28.1,9.1,6.9,4.9,43.3,0.139,3.7,21.5
285,2012,36,SAC,Orlando Johnson,"University of California, Santa Barbara",3,103,1112,329,180,69,0.358,0.311,0.727,10.8,3.2,1.7,0.7,1.4,0.059000000000000004,-3.8,-0.5
286,2012,37,TOR,Quincy Acy,Baylor University,7,337,5392,1642,1179,217,0.444,0.35,0.759,16.0,4.9,3.5,0.6,8.7,0.078,-1.8,0.2
287,2012,38,DEN,Quincy Miller,Baylor University,3,69,934,295,169,37,0.35,0.292,0.706,13.5,4.3,2.4,0.5,-0.1,-0.003,-4.0,-0.5
288,2012,39,DET,Khris Middleton,Texas A&M University,7,455,14429,7129,2022,1468,0.451,0.38799999999999996,0.87,31.7,15.7,4.4,3.2,31.0,0.10300000000000001,0.2,8.0
289,2012,40,POR,Will Barton,University of Memphis,7,438,10194,4618,1724,1036,0.431,0.341,0.7879999999999999,23.3,10.5,3.9,2.4,16.4,0.077,-0.7,3.4
290,2012,41,POR,Tyshawn Taylor,University of Kansas,2,61,491,174,33,57,0.354,0.36,0.684,8.0,2.9,0.5,0.9,-0.9,-0.08800000000000001,-8.8,-0.8
291,2012,42,MIL,Doron Lamb,University of Kentucky,2,100,1272,345,95,75,0.381,0.39399999999999996,0.7,12.7,3.5,1.0,0.8,0.1,0.005,-5.9,-1.2
292,2012,43,ATL,Mike Scott,University of Virginia,7,436,7123,3115,1359,403,0.46399999999999997,0.364,0.755,16.3,7.1,3.1,0.9,13.3,0.08900000000000001,-2.4,-0.8
293,2012,44,DET,Kim English,University of Missouri,1,41,407,119,37,26,0.375,0.28,0.7240000000000001,9.9,2.9,0.9,0.6,0.2,0.021,-4.2,-0.2
294,2012,45,PHI,Justin Hamilton,Louisiana State University,3,113,1961,687,403,91,0.46399999999999997,0.309,0.7979999999999999,17.4,6.1,3.6,0.8,3.7,0.091,-0.3,0.8
295,2012,46,NOH,Darius Miller,University of Kentucky,5,253,5161,1524,423,346,0.418,0.382,0.83,20.4,6.0,1.7,1.4,5.9,0.055,-1.7,0.4
296,2012,47,UTA,Kevin Murphy,Tennessee Technological University,1,17,52,15,4,2,0.25,0.2,0.0,3.1,0.9,0.2,0.1,-0.3,-0.272,-17.6,-0.2
297,2012,48,NYK,Kostas Papanikolaou,,2,69,1089,249,158,101,0.354,0.297,0.688,15.8,3.6,2.3,1.5,0.3,0.015,-2.8,-0.2
298,2012,49,ORL,Kyle O'Quinn,Norfolk State University,7,443,6401,2466,2050,592,0.518,0.209,0.748,14.4,5.6,4.6,1.3,16.8,0.126,1.8,6.2
299,2012,50,DEN,Izzet Turkyilmaz,,0,0,0,0,0,0,0.0,0.0,0.0,0.0,0.0,0.0,0.0,0.0,0.0,0.0,0.0
300,2012,51,BOS,Kris Joseph,Syracuse University,1,10,54,9,7,1,0.14300000000000002,0.0,0.625,5.4,0.9,0.7,0.1,-0.1,-0.127,-10.5,-0.1
301,2012,52,GSW,Ognjen Kuzmic,,2,37,164,35,38,8,0.52,0.0,0.6,4.4,0.9,1.0,0.2,0.2,0.061,-2.5,0.0
302,2012,53,LAC,Furkan Aldemir,,1,41,540,93,176,28,0.513,0.0,0.48100000000000004,13.2,2.3,4.3,0.7,1.4,0.122,-0.7,0.2
303,2012,54,PHI,Tornike Shengelia,,2,45,247,59,39,17,0.451,0.125,0.5,5.5,1.3,0.9,0.4,-0.2,-0.032,-6.6,-0.3
304,2012,55,DAL,Darius Johnson-Odom,Marquette University,2,7,21,0,6,2,0.0,0.0,0.0,3.0,0.0,0.9,0.3,-0.3,-0.597,-23.2,-0.1
305,2012,56,TOR,Tomislav Zubcic,,0,0,0,0,0,0,0.0,0.0,0.0,0.0,0.0,0.0,0.0,0.0,0.0,0.0,0.0
306,2012,57,NJN,Ilkan Karaman,,0,0,0,0,0,0,0.0,0.0,0.0,0.0,0.0,0.0,0.0,0.0,0.0,0.0,0.0
307,2012,58,MIN,Robbie Hummel,Purdue University,2,98,1397,379,266,50,0.418,0.34299999999999997,0.867,14.3,3.9,2.7,0.5,1.9,0.066,-2.9,-0.3
308,2012,59,SAS,Marcus Denmon,University of Missouri,0,0,0,0,0,0,0.0,0.0,0.0,0.0,0.0,0.0,0.0,0.0,0.0,0.0,0.0
309,2012,60,LAL,Robert Sacre,Gonzaga University,4,189,2745,787,593,126,0.436,0.0,0.6709999999999999,14.5,4.2,3.1,0.7,2.4,0.042,-3.1,-0.8
310,2013,1,CLE,Anthony Bennett,"University of Nevada, Las Vegas",4,151,1905,658,472,77,0.392,0.261,0.67,12.6,4.4,3.1,0.5,0.5,0.013000000000000001,-5.6,-1.7
311,2013,2,ORL,Victor Oladipo,Indiana University,6,402,13360,7028,1859,1589,0.44299999999999995,0.35200000000000004,0.7929999999999999,33.2,17.5,4.6,4.0,24.2,0.087,1.1,10.4
312,2013,3,WAS,Otto Porter,Georgetown University,6,399,10747,4383,1989,593,0.483,0.405,0.7929999999999999,26.9,11.0,5.0,1.5,29.1,0.13,2.0,10.7
313,2013,4,CHA,Cody Zeller,Indiana University,6,361,8272,2969,2085,495,0.511,0.263,0.74,22.9,8.2,5.8,1.4,24.1,0.14,0.8,5.9
314,2013,5,PHO,Alex Len,University of Maryland,6,412,8200,3275,2599,345,0.48700000000000004,0.349,0.695,19.9,7.9,6.3,0.8,15.6,0.091,-1.6,0.8
315,2013,6,NOH,Nerlens Noel,University of Kentucky,5,300,6850,2445,1940,365,0.523,0.25,0.631,22.8,8.2,6.5,1.2,16.6,0.11699999999999999,1.6,6.3
316,2013,7,SAC,Ben McLemore,University of Kansas,6,368,8725,3239,909,407,0.41700000000000004,0.353,0.7829999999999999,23.7,8.8,2.5,1.1,4.6,0.025,-2.8,-1.7
317,2013,8,DET,Kentavious Caldwell-Pope,University of Georgia,6,470,13981,5595,1566,767,0.41200000000000003,0.345,0.799,29.7,11.9,3.3,1.6,23.8,0.08199999999999999,0.1,7.2
318,2013,9,MIN,Trey Burke,University of Michigan,6,361,8529,3924,741,1301,0.408,0.34,0.8,23.6,10.9,2.1,3.6,10.2,0.057999999999999996,-2.2,-0.4
319,2013,10,POR,CJ McCollum,Lehigh University,6,411,12323,7328,1290,1196,0.455,0.401,0.8390000000000001,30.0,17.8,3.1,2.9,27.9,0.109,0.3,7.0
320,2013,11,PHI,Michael Carter-Williams,Syracuse University,6,315,8265,3426,1427,1463,0.401,0.251,0.7020000000000001,26.2,10.9,4.5,4.6,5.2,0.03,-0.7,2.7
321,2013,12,OKC,Steven Adams,University of Pittsburgh,6,467,12527,4507,3446,469,0.588,0.0,0.5529999999999999,26.8,9.7,7.4,1.0,38.7,0.14800000000000002,1.7,11.8
322,2013,13,DAL,Kelly Olynyk,Gonzaga University,6,433,9347,4287,2116,818,0.478,0.36700000000000005,0.765,21.6,9.9,4.9,1.9,24.9,0.128,1.4,8.1
323,2013,14,UTA,Shabazz Muhammad,"University of California, Los Angeles",5,278,4772,2504,770,151,0.473,0.319,0.7509999999999999,17.2,9.0,2.8,0.5,8.5,0.085,-4.1,-2.5
324,2013,15,MIL,Giannis Antetokounmpo,,6,465,15220,8745,3844,1921,0.521,0.27699999999999997,0.742,32.7,18.8,8.3,4.1,53.2,0.168,4.5,24.8
325,2013,16,BOS,Lucas Nogueira,,4,141,1754,446,388,72,0.632,0.265,0.64,12.4,3.2,2.8,0.5,6.0,0.165,4.8,3.0
326,2013,17,ATL,Dennis Schroder,,6,431,10655,5769,1168,1998,0.43,0.325,0.825,24.7,13.4,2.7,4.6,13.1,0.059000000000000004,-2.0,0.0
327,2013,18,ATL,Shane Larkin,University of Miami,4,256,4880,1399,490,737,0.42200000000000004,0.336,0.777,19.1,5.5,1.9,2.9,4.4,0.044000000000000004,-2.5,-0.6
328,2013,19,CLE,Sergey Karasev,,3,95,1110,287,140,87,0.395,0.282,0.8420000000000001,11.7,3.0,1.5,0.9,0.8,0.036000000000000004,-3.1,-0.3
329,2013,20,CHI,Tony Snell,University of New Mexico,6,442,9637,2762,1045,455,0.425,0.382,0.8190000000000001,21.8,6.2,2.4,1.0,13.5,0.067,-1.9,0.3
330,2013,21,UTA,Gorgui Dieng,University of Louisville,6,452,10248,3594,2812,629,0.505,0.332,0.79,22.7,8.0,6.2,1.4,24.4,0.114,1.6,9.2
331,2013,22,BRK,Mason Plumlee,Duke University,6,471,10420,3989,2977,1029,0.57,0.07400000000000001,0.565,22.1,8.5,6.3,2.2,31.0,0.14300000000000002,2.4,11.6
332,2013,23,IND,Solomon Hill,University of Arizona,6,305,6912,1805,997,471,0.395,0.32899999999999996,0.809,22.7,5.9,3.3,1.5,9.2,0.064,-0.7,2.3
333,2013,24,NYK,Tim Hardaway,University of Michigan,6,403,10516,5267,1033,740,0.418,0.34299999999999997,0.816,26.1,13.1,2.6,1.8,15.1,0.069,-1.8,0.6
334,2013,25,LAC,Reggie Bullock,University of North Carolina,6,272,5240,1856,563,300,0.434,0.392,0.828,19.3,6.8,2.1,1.1,9.7,0.08900000000000001,-0.7,1.7
335,2013,26,MIN,Andre Roberson,University of Colorado,5,295,6651,1356,1188,257,0.48200000000000004,0.257,0.467,22.5,4.6,4.0,0.9,12.7,0.092,0.6,4.4
336,2013,27,DEN,Rudy Gobert,,6,406,11661,4524,4275,545,0.629,0.0,0.631,28.7,11.1,10.5,1.3,52.8,0.218,5.1,21.0
337,2013,28,SAS,Livio Jean-Charles,,0,0,0,0,0,0,0.0,0.0,0.0,0.0,0.0,0.0,0.0,0.0,0.0,0.0,0.0
338,2013,29,OKC,Archie Goodwin,University of Kentucky,4,165,2396,1040,331,206,0.429,0.23600000000000002,0.7,14.5,6.3,2.0,1.2,1.1,0.022000000000000002,-4.2,-1.3
339,2013,30,PHO,Nemanja Nedovic,,1,24,142,26,15,13,0.205,0.16699999999999998,0.875,5.9,1.1,0.6,0.5,-0.4,-0.132,-10.6,-0.3
342,2013,31,CLE,Allen Crabbe,University of California,6,344,8472,3281,996,401,0.429,0.39299999999999996,0.835,24.6,9.5,2.9,1.2,13.8,0.078,-1.0,2.0
343,2013,32,OKC,Alex Abrines,,3,174,2777,924,248,88,0.387,0.368,0.88,16.0,5.3,1.4,0.5,5.0,0.086,-2.6,-0.4
344,2013,33,CLE,Carrick Felix,Arizona State University,1,7,38,19,6,4,0.5,0.4,0.75,5.4,2.7,0.9,0.6,0.0,0.057,-4.7,0.0
345,2013,34,HOU,Isaiah Canaan,Murray State University,6,235,4799,1913,438,454,0.371,0.35100000000000003,0.836,20.4,8.1,1.9,1.9,4.3,0.043,-3.0,-1.3
346,2013,35,PHI,Glen Rice,Georgia Institute of Technology,2,16,152,43,24,9,0.26899999999999996,0.25,0.6920000000000001,9.5,2.7,1.5,0.6,-0.2,-0.065,-7.3,-0.2
347,2013,36,SAC,Ray McCallum,University of Detroit Mercy,3,154,2808,920,306,368,0.408,0.335,0.711,18.2,6.0,2.0,2.4,2.1,0.035,-2.8,-0.6
348,2013,37,DET,Tony Mitchell,University of North Texas,1,21,79,22,26,2,0.41700000000000004,1.0,0.579,3.8,1.0,1.2,0.1,0.2,0.151,1.3,0.1
349,2013,38,WAS,Nate Wolters,South Dakota State University,3,84,1575,461,185,209,0.423,0.261,0.635,18.8,5.5,2.2,2.5,0.9,0.027999999999999997,-4.0,-0.8
350,2013,39,POR,Jeff Withey,University of Kansas,5,206,2072,666,518,64,0.525,0.14300000000000002,0.716,10.1,3.2,2.5,0.3,6.8,0.157,0.6,1.4
351,2013,40,POR,Grant Jerrett,University of Arizona,1,8,51,16,9,3,0.26899999999999996,0.067,1.0,6.4,2.0,1.1,0.4,-0.1,-0.128,-8.4,-0.1
352,2013,41,MEM,Jamaal Franklin,San Diego State University,2,24,174,42,25,9,0.415,0.462,1.0,7.3,1.8,1.0,0.4,0.0,-0.006,-5.4,-0.1
353,2013,42,PHI,Pierre Jackson,Baylor University,1,8,84,35,9,19,0.33299999999999996,0.273,0.857,10.5,4.4,1.1,2.4,0.0,0.021,-4.4,-0.1
354,2013,43,MIL,Ricky Ledo,Providence College,2,28,277,109,38,21,0.336,0.371,0.769,9.9,3.9,1.4,0.8,-0.6,-0.096,-7.8,-0.4
355,2013,44,DAL,Mike Muscala,Bucknell University,6,307,4885,1757,1002,288,0.46799999999999997,0.365,0.841,15.9,5.7,3.3,0.9,11.9,0.11699999999999999,0.0,2.5
356,2013,45,POR,Marko Todorovic,,0,0,0,0,0,0,0.0,0.0,0.0,0.0,0.0,0.0,0.0,0.0,0.0,0.0,0.0
357,2013,46,UTA,Erick Green,Virginia Polytechnic Institute and State University,2,52,452,159,37,42,0.377,0.28800000000000003,0.857,8.7,3.1,0.7,0.8,0.1,0.011000000000000001,-5.1,-0.3
358,2013,47,ATL,Raul Neto,,4,199,2817,955,261,376,0.44299999999999995,0.377,0.7759999999999999,14.2,4.8,1.3,1.9,4.6,0.078,-2.1,-0.1
359,2013,48,LAL,Ryan Kelly,Duke University,4,163,3125,981,504,215,0.37799999999999995,0.316,0.797,19.2,6.0,3.1,1.3,3.0,0.046,-2.2,-0.2
360,2013,49,CHI,Erik Murphy,University of Florida,1,24,62,6,8,2,0.231,0.0,0.0,2.6,0.3,0.3,0.1,-0.1,-0.055,-8.1,-0.1
361,2013,50,ATL,James Ennis,"California State University, Long Beach",5,278,5715,1801,883,245,0.457,0.35700000000000004,0.7929999999999999,20.6,6.5,3.2,0.9,11.7,0.098,-0.6,2.0
362,2013,51,ORL,Romero Osby,University of Oklahoma,0,0,0,0,0,0,0.0,0.0,0.0,0.0,0.0,0.0,0.0,0.0,0.0,0.0,0.0
363,2013,52,MIN,Lorenzo Brown,North Carolina State University,5,103,1185,293,151,183,0.364,0.17,0.7070000000000001,11.5,2.8,1.5,1.8,-0.2,-0.006999999999999999,-4.1,-0.6
364,2013,53,IND,Colton Iverson,Colorado State University,0,0,0,0,0,0,0.0,0.0,0.0,0.0,0.0,0.0,0.0,0.0,0.0,0.0,0.0
365,2013,54,WAS,Arsalan Kazemi,University of Oregon,0,0,0,0,0,0,0.0,0.0,0.0,0.0,0.0,0.0,0.0,0.0,0.0,0.0,0.0
366,2013,55,MEM,Joffrey Lauvergne,,4,208,2823,1159,789,180,0.479,0.285,0.7190000000000001,13.6,5.6,3.8,0.9,5.2,0.08900000000000001,-2.6,-0.4
367,2013,56,DET,Peyton Siva,University of Louisville,1,24,224,54,14,34,0.316,0.28,0.733,9.3,2.3,0.6,1.4,-0.2,-0.032,-7.3,-0.3
368,2013,57,PHO,Alex Oriakhi,University of Missouri,0,0,0,0,0,0,0.0,0.0,0.0,0.0,0.0,0.0,0.0,0.0,0.0,0.0,0.0
369,2013,58,SAS,Deshaun Thomas,Ohio State University,0,0,0,0,0,0,0.0,0.0,0.0,0.0,0.0,0.0,0.0,0.0,0.0,0.0,0.0
370,2013,59,MIN,Bojan Dubljevic,,0,0,0,0,0,0,0.0,0.0,0.0,0.0,0.0,0.0,0.0,0.0,0.0,0.0,0.0
371,2013,60,MEM,Janis Timma,,0,0,0,0,0,0,0.0,0.0,0.0,0.0,0.0,0.0,0.0,0.0,0.0,0.0,0.0
372,2014,1,CLE,Andrew Wiggins,University of Kansas,5,400,14384,7768,1703,867,0.44,0.332,0.735,36.0,19.4,4.3,2.2,13.0,0.044000000000000004,-2.5,-1.8
373,2014,2,MIL,Jabari Parker,Duke University,5,247,7341,3724,1419,525,0.491,0.337,0.7390000000000001,29.7,15.1,5.7,2.1,11.6,0.076,-1.5,0.9
374,2014,3,PHI,Joel Embiid,University of Kansas,3,158,4852,3833,1804,499,0.48100000000000004,0.315,0.7879999999999999,30.7,24.3,11.4,3.2,16.8,0.166,3.3,6.5
375,2014,4,ORL,Aaron Gordon,University of Arizona,5,341,9500,4249,2112,736,0.45,0.321,0.7070000000000001,27.9,12.5,6.2,2.2,18.0,0.091,0.2,5.3
376,2014,5,UTA,Dante Exum,,4,204,3944,1207,357,462,0.4,0.304,0.77,19.3,5.9,1.8,2.3,2.7,0.033,-3.3,-1.3
377,2014,6,BOS,Marcus Smart,Oklahoma State University,5,341,9688,3174,1205,1337,0.37200000000000005,0.31,0.764,28.4,9.3,3.5,3.9,16.2,0.08,0.6,6.4
378,2014,7,LAL,Julius Randle,University of Kentucky,5,311,8854,4784,2753,847,0.502,0.307,0.722,28.5,15.4,8.9,2.7,17.8,0.096,-0.4,3.6
379,2014,8,SAC,Nik Stauskas,University of Michigan,5,335,6662,2272,688,513,0.389,0.353,0.8140000000000001,19.9,6.8,2.1,1.5,3.8,0.027999999999999997,-3.2,-2.1
380,2014,9,CHH,Noah Vonleh,Indiana University,5,299,5295,1528,1617,228,0.45299999999999996,0.316,0.6829999999999999,17.7,5.1,5.4,0.8,8.3,0.075,-2.6,-0.8
381,2014,10,PHI,Elfrid Payton,University of Louisiana at Lafayette,5,342,10104,3798,1491,2243,0.45399999999999996,0.302,0.63,29.5,11.1,4.4,6.6,13.3,0.063,-0.3,4.2
382,2014,11,DEN,Doug McDermott,Creighton University,5,341,6798,2659,726,269,0.45899999999999996,0.40399999999999997,0.825,19.9,7.8,2.1,0.8,10.6,0.075,-3.0,-1.8
383,2014,12,ORL,Dario Saric,,3,240,6462,3039,1490,511,0.433,0.358,0.835,26.9,12.7,6.2,2.1,11.2,0.083,-0.6,2.3
384,2014,13,MIN,Zach LaVine,"University of California, Los Angeles",5,293,8772,4710,990,1021,0.446,0.373,0.8240000000000001,29.9,16.1,3.4,3.5,8.0,0.044000000000000004,-1.6,0.9
385,2014,14,PHO,T.J. Warren,North Carolina State University,5,261,7234,3754,1078,293,0.49700000000000005,0.34,0.7659999999999999,27.7,14.4,4.1,1.1,13.0,0.086,-1.3,1.3
386,2014,15,ATL,Adreian Payne,Michigan State University,4,107,1403,429,315,66,0.406,0.254,0.68,13.1,4.0,2.9,0.6,-0.6,-0.019,-5.5,-1.2
387,2014,16,CHI,Jusuf Nurkic,,5,310,7103,3608,2480,589,0.491,0.071,0.6659999999999999,22.9,11.6,8.0,1.9,16.4,0.111,1.3,5.9
388,2014,17,BOS,James Young,University of Kentucky,4,95,812,219,96,28,0.36700000000000005,0.27699999999999997,0.563,8.5,2.3,1.0,0.3,0.8,0.046,-4.0,-0.4
389,2014,18,PHO,Tyler Ennis,Syracuse University,4,186,2336,779,250,359,0.419,0.317,0.768,12.6,4.2,1.3,1.9,1.3,0.026000000000000002,-4.6,-1.5
390,2014,19,CHI,Gary Harris,Michigan State University,5,312,8883,3878,798,661,0.46,0.365,0.802,28.5,12.4,2.6,2.1,16.0,0.086,-0.1,4.3
391,2014,20,TOR,Bruno Caboclo,,5,69,1013,335,194,59,0.392,0.344,0.8390000000000001,14.7,4.9,2.8,0.9,1.1,0.054000000000000006,-1.3,0.2
392,2014,21,OKC,Mitch McGary,University of Michigan,2,52,557,227,183,17,0.527,0.0,0.58,10.7,4.4,3.5,0.3,1.3,0.10800000000000001,-3.1,-0.2
393,2014,22,MEM,Jordan Adams,"University of California, Los Angeles",2,32,263,101,30,19,0.402,0.385,0.607,8.2,3.2,0.9,0.6,0.4,0.07,-0.5,0.1
394,2014,23,UTA,Rodney Hood,Duke University,5,320,8707,4017,908,613,0.42200000000000004,0.36700000000000005,0.841,27.2,12.6,2.8,1.9,16.0,0.08800000000000001,-1.0,2.2
395,2014,24,CHH,Shabazz Napier,University of Connecticut,5,289,4642,1855,499,587,0.39299999999999996,0.354,0.812,16.1,6.4,1.7,2.0,6.4,0.066,-1.5,0.5
396,2014,25,HOU,Clint Capela,,5,295,7395,3532,2706,276,0.635,0.0,0.525,25.1,12.0,9.2,0.9,31.4,0.204,1.9,7.3
397,2014,26,MIA,P.J. Hairston,University of North Carolina,2,111,2000,664,266,59,0.34299999999999997,0.295,0.81,18.0,6.0,2.4,0.5,0.9,0.021,-3.9,-1.0
398,2014,27,PHO,Bogdan Bogdanovic,,2,148,4122,1907,466,525,0.431,0.375,0.833,27.9,12.9,3.1,3.5,5.6,0.065,-0.9,1.2
399,2014,28,LAC,C.J. Wilcox,University of Washington,3,66,376,132,31,30,0.37,0.33299999999999996,0.813,5.7,2.0,0.5,0.5,0.1,0.006999999999999999,-5.2,-0.3
400,2014,29,OKC,Josh Huestis,Stanford University,3,76,1068,187,180,23,0.34600000000000003,0.312,0.24,14.1,2.5,2.4,0.3,0.7,0.03,-3.8,-0.5
401,2014,30,SAS,Kyle Anderson,"University of California, Los Angeles",5,300,5882,1601,1171,572,0.49200000000000005,0.324,0.706,19.6,5.3,3.9,1.9,15.4,0.125,2.1,6.1
404,2014,31,MIL,Damien Inglis,,1,20,156,36,31,10,0.35100000000000003,0.231,0.875,7.8,1.8,1.6,0.5,-0.1,-0.024,-6.4,-0.2
405,2014,32,PHI,K.J. McDaniels,Clemson University,3,148,2092,782,324,95,0.41200000000000003,0.29,0.7759999999999999,14.1,5.3,2.2,0.6,1.3,0.03,-3.3,-0.7
406,2014,33,CLE,Joe Harris,University of Virginia,5,262,5914,2454,742,391,0.475,0.42700000000000005,0.797,22.6,9.4,2.8,1.5,10.4,0.085,-0.5,2.2
407,2014,34,NYK,Cleanthony Early,Wichita State University,2,56,801,241,123,42,0.34600000000000003,0.263,0.75,14.3,4.3,2.2,0.8,-0.6,-0.039,-5.7,-0.8
408,2014,35,UTA,Jarnell Stokes,University of Tennessee,3,28,151,67,40,7,0.581,0.0,0.531,5.4,2.4,1.4,0.3,0.6,0.20199999999999999,1.0,0.1
409,2014,36,MIL,Johnny O'Bryant III,Louisiana State University,4,147,1684,509,352,69,0.402,0.36,0.6629999999999999,11.5,3.5,2.4,0.5,0.2,0.006,-6.4,-1.9
410,2014,37,TOR,DeAndre Daniels,University of Connecticut,0,0,0,0,0,0,0.0,0.0,0.0,0.0,0.0,0.0,0.0,0.0,0.0,0.0,0.0
411,2014,38,DET,Spencer Dinwiddie,University of Colorado,5,253,6168,2785,654,1146,0.408,0.32299999999999995,0.8009999999999999,24.4,11.0,2.6,4.5,13.5,0.105,-0.6,2.1
412,2014,39,PHI,Jerami Grant,Syracuse University,5,383,9233,3369,1500,396,0.461,0.33399999999999996,0.654,24.1,8.8,3.9,1.0,18.2,0.095,-1.1,2.0
413,2014,40,MIN,Glenn Robinson III,University of Michigan,5,219,3144,956,461,122,0.439,0.361,0.726,14.4,4.4,2.1,0.6,4.7,0.07200000000000001,-2.6,-0.5
414,2014,41,DEN,Nikola Jokic,,4,308,8718,5006,2946,1586,0.523,0.345,0.828,28.3,16.3,9.6,5.1,38.9,0.214,7.6,21.2
415,2014,42,HOU,Nick Johnson,University of Arizona,1,28,262,74,39,11,0.34700000000000003,0.23800000000000002,0.68,9.4,2.6,1.4,0.4,-0.1,-0.02,-7.3,-0.3
416,2014,43,ATL,Walter Tavares,,2,13,101,33,32,4,0.625,0.0,0.273,7.8,2.5,2.5,0.3,0.2,0.11800000000000001,-0.6,0.0
417,2014,44,MIN,Markel Brown,Oklahoma State University,3,113,1794,584,234,132,0.38,0.295,0.7809999999999999,15.9,5.2,2.1,1.2,1.1,0.028999999999999998,-2.8,-0.4
418,2014,45,CHH,Dwight Powell,Stanford University,5,331,5895,2491,1484,305,0.5529999999999999,0.298,0.75,17.8,7.5,4.5,0.9,22.4,0.182,2.1,6.1
419,2014,46,WAS,Jordan Clarkson,University of Missouri,5,382,10527,5621,1237,1028,0.445,0.335,0.815,27.6,14.7,3.2,2.7,10.5,0.048,-1.8,0.6
420,2014,47,PHI,Russ Smith,University of Louisville,2,27,131,53,15,19,0.319,0.188,0.769,4.9,2.0,0.6,0.7,-0.2,-0.068,-6.4,-0.1
421,2014,48,MIL,Lamar Patterson,University of Pittsburgh,2,40,435,93,57,45,0.326,0.23600000000000002,0.72,10.9,2.3,1.4,1.1,0.1,0.006,-5.5,-0.4
422,2014,49,CHI,Cameron Bairstow,University of New Mexico,2,36,167,44,36,7,0.29600000000000004,0.2,0.846,4.6,1.2,1.0,0.2,-0.1,-0.021,-7.7,-0.2
423,2014,50,PHO,Alec Brown,University of Wisconsin-Green Bay,0,0,0,0,0,0,0.0,0.0,0.0,0.0,0.0,0.0,0.0,0.0,0.0,0.0,0.0
424,2014,51,NYK,Thanasis Antetokounmpo,,1,2,6,6,1,0,0.75,0.0,0.0,3.0,3.0,0.5,0.0,0.0,0.29100000000000004,-4.1,0.0
425,2014,52,PHI,Vasilije Micic,,0,0,0,0,0,0,0.0,0.0,0.0,0.0,0.0,0.0,0.0,0.0,0.0,0.0,0.0
426,2014,53,MIN,Alessandro Gentile,,0,0,0,0,0,0,0.0,0.0,0.0,0.0,0.0,0.0,0.0,0.0,0.0,0.0,0.0
427,2014,54,PHI,Nemanja Dangubic,,0,0,0,0,0,0,0.0,0.0,0.0,0.0,0.0,0.0,0.0,0.0,0.0,0.0,0.0
428,2014,55,MIA,Semaj Christon,Xavier University,1,64,973,183,87,130,0.345,0.19,0.5479999999999999,15.2,2.9,1.4,2.0,0.1,0.006,-6.3,-1.1
429,2014,56,DEN,Roy Devyn Marble,University of Iowa,2,44,457,97,69,29,0.304,0.222,0.375,10.4,2.2,1.6,0.7,-0.3,-0.027999999999999997,-5.0,-0.3
430,2014,57,IND,Louis Labeyrie,,0,0,0,0,0,0,0.0,0.0,0.0,0.0,0.0,0.0,0.0,0.0,0.0,0.0,0.0
431,2014,58,SAS,Jordan McRae,University of Tennessee,3,86,912,420,101,74,0.42700000000000005,0.35200000000000004,0.784,10.6,4.9,1.2,0.9,1.0,0.051,-5.0,-0.7
432,2014,59,TOR,Xavier Thames,San Diego State University,0,0,0,0,0,0,0.0,0.0,0.0,0.0,0.0,0.0,0.0,0.0,0.0,0.0,0.0
433,2014,60,SAS,Cory Jefferson,Baylor University,2,58,581,205,161,16,0.444,0.125,0.583,10.0,3.5,2.8,0.3,0.9,0.071,-4.6,-0.4
434,2015,1,MIN,Karl-Anthony Towns,University of Kentucky,4,323,11120,7187,3831,839,0.537,0.392,0.836,34.4,22.3,11.9,2.6,45.4,0.196,5.0,19.6
435,2015,2,LAL,D'Angelo Russell,Ohio State University,4,272,7752,4493,999,1381,0.419,0.353,0.762,28.5,16.5,3.7,5.1,6.6,0.040999999999999995,0.4,4.6
436,2015,3,PHI,Jahlil Okafor,Duke University,4,190,4013,2178,976,175,0.53,0.2,0.679,21.1,11.5,5.1,0.9,5.3,0.063,-3.5,-1.5
437,2015,4,NYK,Kristaps Porzingis,,3,186,5764,3312,1317,248,0.43700000000000006,0.361,0.804,31.0,17.8,7.1,1.3,12.1,0.1,-0.1,2.8
438,2015,5,ORL,Mario Hezonja,,4,277,5236,2028,842,365,0.41700000000000004,0.321,0.8109999999999999,18.9,7.3,3.0,1.3,2.4,0.022000000000000002,-3.0,-1.3
439,2015,6,SAC,Willie Cauley-Stein,University of Kentucky,4,295,7090,2971,1879,483,0.534,0.222,0.611,24.0,10.1,6.4,1.6,17.4,0.11800000000000001,0.6,4.7
440,2015,7,DEN,Emmanuel Mudiay,,4,246,6326,2901,758,1023,0.39299999999999996,0.32,0.742,25.7,11.8,3.1,4.2,-1.2,-0.009000000000000001,-3.8,-2.8
441,2015,8,DET,Stanley Johnson,University of Arizona,4,285,6160,1985,964,423,0.374,0.293,0.764,21.6,7.0,3.4,1.5,3.3,0.026000000000000002,-2.1,-0.2
442,2015,9,CHO,Frank Kaminsky,University of Wisconsin,4,282,6252,2758,1122,452,0.419,0.349,0.76,22.2,9.8,4.0,1.6,11.0,0.084,-1.2,1.3
443,2015,10,MIA,Justise Winslow,Duke University,4,230,6496,2057,1222,613,0.419,0.34299999999999997,0.644,28.2,8.9,5.3,2.7,7.8,0.057,-0.8,2.0
444,2015,11,IND,Myles Turner,University of Texas at Austin,4,280,7863,3604,1869,349,0.495,0.363,0.7709999999999999,28.1,12.9,6.7,1.2,22.1,0.135,1.4,6.8
445,2015,12,UTA,Trey Lyles,University of Kentucky,4,288,5051,2198,1127,306,0.431,0.331,0.705,17.5,7.6,3.9,1.1,8.1,0.077,-2.4,-0.6
446,2015,13,PHO,Devin Booker,University of Kentucky,4,272,8945,5820,945,1154,0.43700000000000006,0.354,0.8540000000000001,32.9,21.4,3.5,4.2,9.8,0.053,-1.1,2.0
447,2015,14,OKC,Cameron Payne,Murray State University,4,153,2454,914,274,382,0.397,0.331,0.775,16.0,6.0,1.8,2.5,2.2,0.044000000000000004,-2.9,-0.6
448,2015,15,ATL,Kelly Oubre,University of Kansas,4,292,6442,2737,1082,242,0.424,0.321,0.778,22.1,9.4,3.7,0.8,8.3,0.062,-2.3,-0.4
449,2015,16,BOS,Terry Rozier,University of Louisville,4,272,5433,2090,973,631,0.38,0.354,0.777,20.0,7.7,3.6,2.3,9.9,0.08800000000000001,-0.5,2.0
450,2015,17,MIL,Rashad Vaughn,"University of Nevada, Las Vegas",3,139,1671,423,158,75,0.337,0.313,0.6920000000000001,12.0,3.0,1.1,0.5,-0.6,-0.017,-5.6,-1.5
451,2015,18,HOU,Sam Dekker,University of Wisconsin,4,200,3096,1094,607,160,0.478,0.28800000000000003,0.606,15.5,5.5,3.0,0.8,5.4,0.083,-1.9,0.1
452,2015,19,WAS,Jerian Grant,University of Notre Dame,4,273,4918,1665,524,796,0.41200000000000003,0.324,0.7709999999999999,18.0,6.1,1.9,2.9,8.3,0.081,-2.0,0.0
453,2015,20,TOR,Delon Wright,University of Utah,4,198,3807,1461,549,536,0.445,0.332,0.7959999999999999,19.2,7.4,2.8,2.7,10.5,0.132,1.8,3.6
454,2015,21,DAL,Justin Anderson,University of Virginia,4,216,2857,1154,554,143,0.419,0.302,0.778,13.2,5.3,2.6,0.7,4.7,0.079,-1.8,0.1
455,2015,22,CHI,Bobby Portis,University of Arkansas,4,249,5044,2547,1534,282,0.45799999999999996,0.361,0.7509999999999999,20.3,10.2,6.2,1.1,9.0,0.085,-2.0,0.0
456,2015,23,POR,Rondae Hollis-Jefferson,University of Arizona,4,234,5530,2315,1375,460,0.444,0.223,0.7390000000000001,23.6,9.9,5.9,2.0,9.1,0.079,-1.0,1.4
457,2015,24,CLE,Tyus Jones,Duke University,4,247,4374,1249,380,823,0.419,0.33299999999999996,0.8190000000000001,17.7,5.1,1.5,3.3,8.4,0.092,-1.3,0.8
458,2015,25,MEM,Jarell Martin,Louisiana State University,4,184,2927,998,639,114,0.434,0.34600000000000003,0.7659999999999999,15.9,5.4,3.5,0.6,3.2,0.053,-3.8,-1.3
459,2015,26,SAS,Nikola Milutinov,,0,0,0,0,0,0,0.0,0.0,0.0,0.0,0.0,0.0,0.0,0.0,0.0,0.0,0.0
460,2015,27,LAL,Larry Nance Jr.,University of Wyoming,4,259,5924,1998,1685,436,0.539,0.295,0.698,22.9,7.7,6.5,1.7,16.4,0.133,2.2,6.3
461,2015,28,BOS,R.J. Hunter,Georgia State University,4,45,395,133,46,19,0.371,0.295,0.818,8.8,3.0,1.0,0.4,0.4,0.051,-3.3,-0.1
462,2015,29,BRK,Chris McCullough,Syracuse University,3,59,532,194,112,15,0.426,0.306,0.5479999999999999,9.0,3.3,1.9,0.3,0.6,0.054000000000000006,-2.3,0.0
463,2015,30,GSW,Kevon Looney,"University of California, Los Angeles",4,204,2859,911,766,194,0.595,0.192,0.593,14.0,4.5,3.8,1.0,10.3,0.172,2.3,3.1
466,2015,31,MIN,Cedi Osman,,2,137,3116,1229,477,236,0.43700000000000006,0.35100000000000003,0.736,22.7,9.0,3.5,1.7,2.4,0.036000000000000004,-2.3,-0.2
467,2015,32,HOU,Montrezl Harrell,University of Louisville,4,255,4894,2864,1125,317,0.629,0.156,0.629,19.2,11.2,4.4,1.2,19.2,0.188,2.5,5.6
468,2015,33,BOS,Jordan Mickey,Louisiana State University,3,64,482,152,128,17,0.449,0.11800000000000001,0.605,7.5,2.4,2.0,0.3,0.5,0.05,-4.8,-0.3
469,2015,34,LAL,Anthony Brown,Stanford University,3,41,762,161,103,28,0.32799999999999996,0.28600000000000003,0.85,18.6,3.9,2.5,0.7,-0.2,-0.016,-4.8,-0.5
470,2015,35,PHI,Willy Hernangomez,,3,178,2631,1254,996,189,0.53,0.364,0.696,14.8,7.0,5.6,1.1,7.8,0.142,0.1,1.4
471,2015,36,MIN,Rakeem Christmas,Syracuse University,2,30,225,63,57,4,0.467,0.0,0.7240000000000001,7.5,2.1,1.9,0.1,0.5,0.105,-4.0,-0.1
472,2015,37,PHI,Richaun Holmes,Bowling Green State University,4,226,3825,1729,988,212,0.565,0.257,0.706,16.9,7.7,4.4,0.9,12.4,0.155,1.1,3.0
473,2015,38,DET,Darrun Hilliard,Villanova University,3,91,859,295,85,71,0.377,0.304,0.747,9.4,3.2,0.9,0.8,0.3,0.016,-5.1,-0.7
474,2015,39,CHO,Juan Pablo Vaulet,,0,0,0,0,0,0,0.0,0.0,0.0,0.0,0.0,0.0,0.0,0.0,0.0,0.0,0.0
475,2015,40,MIA,Josh Richardson,University of Tennessee,4,259,7949,3134,823,742,0.425,0.368,0.821,30.7,12.1,3.2,2.9,15.7,0.095,0.8,5.6
476,2015,41,BRK,Pat Connaughton,University of Notre Dame,4,216,3208,996,503,251,0.439,0.349,0.7959999999999999,14.9,4.6,2.3,1.2,6.8,0.10099999999999999,-0.6,1.2
477,2015,42,UTA,Olivier Hanlan,Boston College,0,0,0,0,0,0,0.0,0.0,0.0,0.0,0.0,0.0,0.0,0.0,0.0,0.0,0.0
478,2015,43,IND,Joseph Young,University of Oregon,3,127,1077,429,130,119,0.39299999999999996,0.29600000000000004,0.768,8.5,3.4,1.0,0.9,0.4,0.016,-5.3,-0.9
479,2015,44,PHO,Andrew Harrison,University of Kentucky,3,145,2987,1012,287,399,0.373,0.294,0.779,20.6,7.0,2.0,2.8,3.2,0.051,-2.7,-0.5
480,2015,45,BOS,Marcus Thornton,College of William & Mary,0,0,0,0,0,0,0.0,0.0,0.0,0.0,0.0,0.0,0.0,0.0,0.0,0.0,0.0
481,2015,46,MIL,Norman Powell,"University of California, Los Angeles",4,255,4281,1810,538,309,0.442,0.345,0.807,16.8,7.1,2.1,1.2,7.3,0.08199999999999999,-1.4,0.6
482,2015,47,PHI,Arturas Gudaitis,,0,0,0,0,0,0,0.0,0.0,0.0,0.0,0.0,0.0,0.0,0.0,0.0,0.0,0.0
483,2015,48,OKC,Dakari Johnson,University of Kentucky,1,31,161,55,34,8,0.564,0.0,0.55,5.2,1.8,1.1,0.3,0.6,0.17800000000000002,0.3,0.1
484,2015,49,WAS,Aaron White,University of Iowa,0,0,0,0,0,0,0.0,0.0,0.0,0.0,0.0,0.0,0.0,0.0,0.0,0.0,0.0
485,2015,50,ATL,Marcus Eriksson,,0,0,0,0,0,0,0.0,0.0,0.0,0.0,0.0,0.0,0.0,0.0,0.0,0.0,0.0
486,2015,51,ORL,Tyler Harvey,Eastern Washington University,0,0,0,0,0,0,0.0,0.0,0.0,0.0,0.0,0.0,0.0,0.0,0.0,0.0,0.0
487,2015,52,DAL,Satnam Singh,,0,0,0,0,0,0,0.0,0.0,0.0,0.0,0.0,0.0,0.0,0.0,0.0,0.0,0.0
488,2015,53,CLE,Sir'Dominic Pointer,St. John's University,0,0,0,0,0,0,0.0,0.0,0.0,0.0,0.0,0.0,0.0,0.0,0.0,0.0,0.0
489,2015,54,UTA,Dani Diez,,0,0,0,0,0,0,0.0,0.0,0.0,0.0,0.0,0.0,0.0,0.0,0.0,0.0,0.0
490,2015,55,SAS,Cady Lalanne,University of Massachusetts Amherst,0,0,0,0,0,0,0.0,0.0,0.0,0.0,0.0,0.0,0.0,0.0,0.0,0.0,0.0
491,2015,56,NOP,Branden Dawson,Michigan State University,1,6,29,5,4,0,0.4,0.0,1.0,4.8,0.8,0.7,0.0,0.0,0.069,-6.6,0.0
492,2015,57,DEN,Nikola Radicevic,,0,0,0,0,0,0,0.0,0.0,0.0,0.0,0.0,0.0,0.0,0.0,0.0,0.0,0.0
493,2015,58,PHI,J.P. Tokoto,University of North Carolina,0,0,0,0,0,0,0.0,0.0,0.0,0.0,0.0,0.0,0.0,0.0,0.0,0.0,0.0
494,2015,59,ATL,Dimitrios Agravanis,,0,0,0,0,0,0,0.0,0.0,0.0,0.0,0.0,0.0,0.0,0.0,0.0,0.0,0.0
495,2015,60,PHI,Luka Mitrovic,,0,0,0,0,0,0,0.0,0.0,0.0,0.0,0.0,0.0,0.0,0.0,0.0,0.0,0.0
496,2016,1,PHI,Ben Simmons,Louisiana State University,2,160,5432,2616,1356,1271,0.5539999999999999,0.0,0.583,34.0,16.4,8.5,7.9,17.5,0.154,4.3,8.7
497,2016,2,LAL,Brandon Ingram,Duke University,3,190,6014,2639,897,550,0.45799999999999996,0.32899999999999996,0.662,31.7,13.9,4.7,2.9,4.5,0.036000000000000004,-2.7,-1.0
498,2016,3,BOS,Jaylen Brown,University of California,3,222,5406,2496,879,278,0.462,0.365,0.6579999999999999,24.4,11.2,4.0,1.3,9.0,0.08,-1.8,0.3
499,2016,4,PHO,Dragan Bender,,3,171,3469,907,647,209,0.39399999999999996,0.321,0.647,20.3,5.3,3.8,1.2,0.2,0.002,-3.1,-1.0
500,2016,5,MIN,Kris Dunn,Providence College,3,176,4247,1511,574,775,0.41700000000000004,0.32299999999999995,0.723,24.1,8.6,3.3,4.4,1.6,0.018000000000000002,-1.3,0.7
501,2016,6,NOP,Buddy Hield,University of Oklahoma,3,244,6527,3640,988,481,0.446,0.419,0.8740000000000001,26.8,14.9,4.0,2.0,10.0,0.073,-0.4,2.7
502,2016,7,DEN,Jamal Murray,University of Kentucky,3,238,6776,3530,828,807,0.434,0.36200000000000004,0.879,28.5,14.8,3.5,3.4,12.0,0.085,-0.7,2.2
503,2016,8,SAC,Marquese Chriss,University of Washington,3,197,3769,1491,885,165,0.429,0.29600000000000004,0.628,19.1,7.6,4.5,0.8,2.3,0.028999999999999998,-2.4,-0.4
504,2016,9,TOR,Jakob Poeltl,University of Utah,3,213,3423,1155,968,162,0.643,0.5,0.56,16.1,5.4,4.5,0.8,12.3,0.17300000000000001,2.9,4.2
505,2016,10,MIL,Thon Maker,,3,195,2772,905,541,114,0.42100000000000004,0.326,0.677,14.2,4.6,2.8,0.6,4.8,0.083,-1.7,0.2
506,2016,11,ORL,Domantas Sabonis,Gonzaga University,3,229,5280,2383,1550,445,0.513,0.34299999999999997,0.722,23.1,10.4,6.8,1.9,13.1,0.11900000000000001,-0.3,2.3
507,2016,12,UTA,Taurean Prince,Baylor University,3,196,4997,2235,745,387,0.42700000000000005,0.38,0.823,25.5,11.4,3.8,2.0,4.6,0.044000000000000004,-1.4,0.8
508,2016,13,PHO,Georgios Papagiannis,,2,39,477,160,123,29,0.514,0.0,0.857,12.2,4.1,3.2,0.7,0.4,0.044000000000000004,-3.0,-0.1
509,2016,14,CHI,Denzel Valentine,Michigan State University,2,134,3071,1074,544,307,0.39899999999999997,0.374,0.754,22.9,8.0,4.1,2.3,3.1,0.048,-1.2,0.6
510,2016,15,DEN,Juan Hernangomez,,3,157,2477,795,506,96,0.43700000000000006,0.366,0.764,15.8,5.1,3.2,0.6,5.1,0.1,-1.3,0.4
511,2016,16,BOS,Guerschon Yabusele,,2,74,486,173,105,31,0.442,0.32299999999999995,0.682,6.6,2.3,1.4,0.4,1.1,0.105,-1.5,0.1
512,2016,17,MEM,Wade Baldwin,Vanderbilt University,3,56,579,174,69,78,0.355,0.25,0.7759999999999999,10.3,3.1,1.2,1.4,-0.3,-0.027999999999999997,-5.7,-0.5
513,2016,18,DET,Henry Ellenson,Marquette University,3,76,734,325,188,43,0.377,0.353,0.774,9.7,4.3,2.5,0.6,0.3,0.022000000000000002,-6.1,-0.8
514,2016,19,DEN,Malik Beasley,Florida State University,3,165,2627,1196,288,139,0.461,0.38799999999999996,0.789,15.9,7.2,1.7,0.8,5.0,0.092,-1.7,0.2
515,2016,20,IND,Caris LeVert,University of Michigan,3,168,4164,1873,599,565,0.43700000000000006,0.32899999999999996,0.7070000000000001,24.8,11.1,3.6,3.4,5.8,0.066,-0.6,1.5
516,2016,21,ATL,DeAndre Bembry,Saint Joseph's University,3,146,2757,924,489,279,0.445,0.281,0.605,18.9,6.3,3.3,1.9,0.8,0.013999999999999999,-2.8,-0.6
517,2016,22,CHO,Malachi Richardson,Syracuse University,3,70,625,198,70,24,0.358,0.301,0.7829999999999999,8.9,2.8,1.0,0.3,-0.1,-0.009000000000000001,-6.8,-0.8
518,2016,23,BOS,Ante Zizic,,2,91,1296,578,380,58,0.583,0.0,0.708,14.2,6.4,4.2,0.6,3.0,0.11,-2.6,-0.2
519,2016,24,PHI,Timothe Luwawu,,3,171,2666,975,318,155,0.387,0.32,0.82,15.6,5.7,1.9,0.9,1.8,0.033,-4.5,-1.6
520,2016,25,LAC,Brice Johnson,University of North Carolina,2,21,107,47,34,3,0.449,0.0,0.6,5.1,2.2,1.6,0.1,0.1,0.062,-2.5,0.0
521,2016,26,PHI,Furkan Korkmaz,,2,62,759,302,118,56,0.38799999999999996,0.32299999999999995,0.792,12.2,4.9,1.9,0.9,1.1,0.07,-2.7,-0.1
522,2016,27,TOR,Pascal Siakam,New Mexico State University,3,216,5086,2172,1098,424,0.531,0.309,0.743,23.5,10.1,5.1,2.0,15.5,0.146,2.2,5.4
523,2016,28,PHO,Skal Labissiere,University of Kentucky,3,115,2028,879,493,110,0.48,0.375,0.746,17.6,7.6,4.3,1.0,3.0,0.07,-2.5,-0.3
524,2016,29,SAS,Dejounte Murray,University of Washington,2,119,2065,784,501,279,0.441,0.316,0.708,17.4,6.6,4.2,2.3,3.2,0.07400000000000001,0.3,1.2
525,2016,30,GSW,Damian Jones,Vanderbilt University,3,49,584,174,112,30,0.643,0.0,0.5770000000000001,11.9,3.6,2.3,0.6,1.6,0.129,-0.3,0.2
528,2016,31,BOS,Deyonta Davis,Michigan State University,3,107,1299,454,346,47,0.599,0.0,0.635,12.1,4.2,3.2,0.4,3.6,0.131,-1.4,0.2
529,2016,32,LAL,Ivica Zubac,,3,140,2059,970,644,118,0.54,0.0,0.7609999999999999,14.7,6.9,4.6,0.8,5.3,0.124,-1.3,0.4
530,2016,33,LAC,Cheick Diallo,University of Kansas,3,133,1676,728,616,56,0.585,0.25,0.747,12.6,5.5,4.6,0.4,5.0,0.142,-2.6,-0.2
531,2016,34,PHO,Tyler Ulis,University of Kentucky,3,133,2782,998,223,537,0.40299999999999997,0.28,0.8079999999999999,20.9,7.5,1.7,4.0,0.5,0.008,-4.7,-1.9
532,2016,35,BOS,Rade Zagorac,,0,0,0,0,0,0,0.0,0.0,0.0,0.0,0.0,0.0,0.0,0.0,0.0,0.0,0.0
533,2016,36,MIL,Malcolm Brogdon,University of Virginia,3,187,5250,2393,657,674,0.484,0.408,0.895,28.1,12.8,3.5,3.6,13.4,0.122,0.0,2.6
534,2016,37,HOU,Chinanu Onuaku,University of Louisville,2,6,74,18,14,4,0.583,0.0,1.0,12.3,3.0,2.3,0.7,0.1,0.043,-4.1,0.0
535,2016,38,MIL,Patrick McCaw,"University of Nevada, Las Vegas",3,157,2432,585,230,187,0.42,0.299,0.7909999999999999,15.5,3.7,1.5,1.2,2.8,0.055999999999999994,-2.3,-0.2
536,2016,39,NOP,David Michineau,,0,0,0,0,0,0,0.0,0.0,0.0,0.0,0.0,0.0,0.0,0.0,0.0,0.0,0.0
537,2016,40,NOP,Diamond Stone,University of Maryland,1,7,24,10,6,0,0.231,0.0,1.0,3.4,1.4,0.9,0.0,-0.1,-0.21100000000000002,-24.1,-0.1
538,2016,41,ORL,Stephen Zimmerman,"University of Nevada, Las Vegas",1,19,108,23,35,4,0.32299999999999995,0.0,0.6,5.7,1.2,1.8,0.2,0.0,-0.005,-7.3,-0.1
539,2016,42,UTA,Isaiah Whitehead,Seton Hall University,2,89,1823,643,210,212,0.41100000000000003,0.305,0.7879999999999999,20.5,7.2,2.4,2.4,-0.9,-0.025,-4.9,-1.4
540,2016,43,HOU,Zhou Qi,,2,19,125,24,22,2,0.212,0.105,0.667,6.6,1.3,1.2,0.1,-0.2,-0.09300000000000001,-7.1,-0.2
541,2016,44,ATL,Isaia Cordinier,,0,0,0,0,0,0,0.0,0.0,0.0,0.0,0.0,0.0,0.0,0.0,0.0,0.0,0.0
542,2016,45,BOS,Demetrius Jackson,University of Notre Dame,3,26,136,48,19,17,0.486,0.28600000000000003,0.667,5.2,1.8,0.7,0.7,0.2,0.087,-2.1,0.0
543,2016,46,DAL,A.J. Hammons,Purdue University,1,22,163,48,36,4,0.405,0.5,0.45,7.4,2.2,1.6,0.2,0.0,-0.001,-5.6,-0.1
544,2016,47,ORL,Jake Layman,University of Maryland,3,141,1736,653,257,75,0.457,0.302,0.7140000000000001,12.3,4.6,1.8,0.5,2.7,0.075,-1.7,0.1
545,2016,48,CHI,Paul Zipser,,2,98,1667,458,256,82,0.371,0.335,0.769,17.0,4.7,2.6,0.8,0.0,-0.001,-4.8,-1.2
546,2016,49,DET,Michael Gbinije,Syracuse University,1,9,32,4,3,2,0.1,0.0,1.0,3.6,0.4,0.3,0.2,-0.1,-0.136,-10.5,-0.1
547,2016,50,IND,Georges Niang,Iowa State University,3,91,641,265,113,43,0.434,0.364,0.821,7.0,2.9,1.2,0.5,1.0,0.073,-2.8,-0.1
548,2016,51,BOS,Ben Bentil,Providence College,1,3,10,0,2,0,0.0,0.0,0.0,3.3,0.0,0.7,0.0,-0.1,-0.473,-26.9,-0.1
549,2016,52,UTA,Joel Bolomboy,Weber State University,2,18,91,31,27,2,0.545,0.2,0.5,5.1,1.7,1.5,0.1,0.3,0.132,-3.7,0.0
550,2016,53,DEN,Petr Cornelie,,0,0,0,0,0,0,0.0,0.0,0.0,0.0,0.0,0.0,0.0,0.0,0.0,0.0,0.0
551,2016,54,ATL,Kay Felder,Oakland University,2,58,526,223,59,78,0.364,0.268,0.754,9.1,3.8,1.0,1.3,-0.4,-0.040999999999999995,-7.7,-0.8
552,2016,55,BRK,Marcus Paige,University of North Carolina,1,5,28,12,4,3,0.28600000000000003,0.25,1.0,5.6,2.4,0.8,0.6,0.0,-0.006,-6.9,0.0
553,2016,56,DEN,Daniel Hamilton,University of Connecticut,2,25,232,69,52,30,0.39399999999999996,0.35700000000000004,0.5,9.3,2.8,2.1,1.2,0.0,0.0,-5.3,-0.2
554,2016,57,MEM,Wang Zhelin,,0,0,0,0,0,0,0.0,0.0,0.0,0.0,0.0,0.0,0.0,0.0,0.0,0.0,0.0
555,2016,58,BOS,Abdel Nader,Iowa State University,2,109,1216,387,187,46,0.387,0.33299999999999996,0.667,11.2,3.6,1.7,0.4,0.8,0.03,-5.3,-1.0
556,2016,59,SAC,Isaiah Cousins,University of Oklahoma,0,0,0,0,0,0,0.0,0.0,0.0,0.0,0.0,0.0,0.0,0.0,0.0,0.0,0.0
557,2016,60,UTA,Tyrone Wallace,University of California,2,92,1479,509,206,113,0.435,0.237,0.674,16.1,5.5,2.2,1.2,0.5,0.015,-3.8,-0.7
558,2017,1,PHI,Markelle Fultz,University of Washington,2,33,680,255,113,112,0.414,0.267,0.534,20.6,7.7,3.4,3.4,0.5,0.038,-3.1,-0.2
559,2017,2,LAL,Lonzo Ball,"University of California, Los Angeles",2,99,3203,993,611,631,0.38,0.315,0.43700000000000006,32.4,10.0,6.2,6.4,3.5,0.053,1.2,2.6
560,2017,3,BOS,Jayson Tatum,Duke University,2,159,4893,2355,879,296,0.461,0.4,0.84,30.8,14.8,5.5,1.9,12.0,0.11800000000000001,0.1,2.6
561,2017,4,PHO,Josh Jackson,University of Kansas,2,156,3947,1922,698,302,0.415,0.294,0.65,25.3,12.3,4.5,1.9,-2.4,-0.028999999999999998,-4.6,-2.5
562,2017,5,SAC,De'Aaron Fox,University of Kentucky,2,154,4572,2243,508,910,0.439,0.345,0.725,29.7,14.6,3.3,5.9,5.0,0.053,-1.3,0.8
563,2017,6,ORL,Jonathan Isaac,Florida State University,2,102,2532,865,510,98,0.419,0.327,0.8059999999999999,24.8,8.5,5.0,1.0,4.2,0.08,-0.3,1.1
564,2017,7,MIN,Lauri Markkanen,University of Arizona,2,120,3702,2007,978,154,0.43200000000000005,0.36200000000000004,0.8590000000000001,30.9,16.7,8.2,1.3,6.1,0.079,-1.9,0.1
565,2017,8,NYK,Frank Ntilikina,,2,121,2610,709,264,371,0.354,0.305,0.735,21.6,5.9,2.2,3.1,-1.8,-0.033,-4.5,-1.7
566,2017,9,DAL,Dennis Smith,North Carolina State University,2,122,3557,1770,415,610,0.40700000000000003,0.316,0.6679999999999999,29.2,14.5,3.4,5.0,-0.7,-0.009000000000000001,-2.4,-0.3
567,2017,10,SAC,Zach Collins,Gonzaga University,2,143,2401,804,545,123,0.441,0.321,0.72,16.8,5.6,3.8,0.9,3.6,0.07200000000000001,-1.3,0.4
568,2017,11,CHO,Malik Monk,University of Kentucky,2,136,2112,1074,203,208,0.376,0.335,0.871,15.5,7.9,1.5,1.5,0.3,0.006999999999999999,-4.1,-1.1
569,2017,12,DET,Luke Kennard,Duke University,2,136,2900,1171,359,238,0.441,0.40299999999999997,0.847,21.3,8.6,2.6,1.8,5.1,0.085,-1.5,0.4
570,2017,13,DEN,Donovan Mitchell,University of Louisville,2,156,5236,3445,612,613,0.434,0.35100000000000003,0.805,33.6,22.1,3.9,3.9,10.2,0.094,0.8,3.7
571,2017,14,MIA,Bam Adebayo,University of Kentucky,2,151,3281,1206,978,285,0.55,0.136,0.728,21.7,8.0,6.5,1.9,11.0,0.161,1.8,3.2
572,2017,15,POR,Justin Jackson,University of North Carolina,2,149,3120,1036,399,170,0.445,0.335,0.765,20.9,7.0,2.7,1.1,3.9,0.059000000000000004,-2.5,-0.4
573,2017,16,CHI,Justin Patton,Creighton University,2,4,25,7,6,3,0.33299999999999996,0.0,0.5,6.3,1.8,1.5,0.8,0.0,0.09,0.4,0.0
574,2017,17,MIL,D.J. Wilson,University of Michigan,2,70,953,301,232,55,0.423,0.364,0.551,13.6,4.3,3.3,0.8,1.8,0.09,-1.7,0.1
575,2017,18,IND,T.J. Leaf,"University of California, Los Angeles",2,111,981,381,207,33,0.511,0.35600000000000004,0.617,8.8,3.4,1.9,0.3,2.4,0.11699999999999999,-2.8,-0.2
576,2017,19,ATL,John Collins,Wake Forest University,2,135,3614,1965,1136,219,0.5660000000000001,0.34600000000000003,0.743,26.8,14.6,8.4,1.6,11.4,0.152,1.5,3.2
577,2017,20,POR,Harry Giles,Duke University,1,58,820,408,222,85,0.503,0.0,0.637,14.1,7.0,3.8,1.5,1.0,0.055999999999999994,-2.1,0.0
578,2017,21,OKC,Terrance Ferguson,,2,135,2694,702,188,91,0.425,0.35600000000000004,0.754,20.0,5.2,1.4,0.7,4.0,0.07200000000000001,-2.1,-0.1
579,2017,22,BRK,Jarrett Allen,University of Texas at Austin,2,152,3537,1460,1060,159,0.59,0.183,0.732,23.3,9.6,7.0,1.0,11.9,0.161,1.6,3.2
580,2017,23,TOR,OG Anunoby,Indiana University,2,141,2833,907,381,102,0.461,0.35100000000000003,0.605,20.1,6.4,2.7,0.7,5.0,0.085,-0.3,1.2
581,2017,24,UTA,Tyler Lydon,Syracuse University,2,26,96,23,18,6,0.5,0.4,0.33299999999999996,3.7,0.9,0.7,0.2,0.2,0.084,-2.6,0.0
582,2017,25,ORL,Anzejs Pasecniks,,0,0,0,0,0,0,0.0,0.0,0.0,0.0,0.0,0.0,0.0,0.0,0.0,0.0,0.0
583,2017,26,POR,Caleb Swanigan,Purdue University,2,48,367,104,118,25,0.37200000000000005,0.133,0.667,7.6,2.2,2.5,0.5,-0.2,-0.031,-6.6,-0.4
584,2017,27,BRK,Kyle Kuzma,University of Utah,2,147,4715,2550,865,319,0.45299999999999996,0.335,0.731,32.1,17.3,5.9,2.2,7.0,0.071,-1.5,0.6
585,2017,28,LAL,Tony Bradley,University of North Carolina,2,12,65,25,26,2,0.40700000000000003,0.0,0.75,5.4,2.1,2.2,0.2,0.1,0.087,-4.7,0.0
586,2017,29,SAS,Derrick White,University of Colorado,2,84,1867,717,273,272,0.479,0.361,0.762,22.2,8.5,3.3,3.2,4.1,0.106,0.9,1.4
587,2017,30,UTA,Josh Hart,Villanova University,2,130,3176,1021,511,173,0.435,0.361,0.695,24.4,7.9,3.9,1.3,5.5,0.083,-0.4,1.3
590,2017,31,CHO,Frank Jackson,Duke University,1,61,1169,495,134,69,0.434,0.314,0.74,19.2,8.1,2.2,1.1,0.4,0.018000000000000002,-5.0,-0.9
591,2017,32,PHO,Davon Reed,University of Miami,2,31,289,75,45,16,0.307,0.31,0.667,9.3,2.4,1.5,0.5,-0.2,-0.039,-6.3,-0.3
592,2017,33,ORL,Wesley Iwundu,Kansas State University,2,130,2253,568,321,130,0.419,0.304,0.787,17.3,4.4,2.5,1.0,2.5,0.054000000000000006,-3.0,-0.6
593,2017,34,SAC,Frank Mason,University of Kansas,2,90,1419,608,173,231,0.392,0.3,0.773,15.8,6.8,1.9,2.6,0.9,0.028999999999999998,-3.7,-0.6
594,2017,35,ORL,Ivan Rabb,University of California,2,85,1237,485,364,86,0.555,0.2,0.743,14.6,5.7,4.3,1.0,3.2,0.125,-1.0,0.3
595,2017,36,PHI,Jonah Bolden,,1,44,639,207,165,40,0.494,0.354,0.48100000000000004,14.5,4.7,3.8,0.9,1.4,0.106,1.2,0.5
596,2017,37,BOS,Semi Ojeleye,Southern Methodist University,2,129,1744,381,247,43,0.382,0.318,0.613,13.5,3.0,1.9,0.3,1.9,0.051,-3.7,-0.8
597,2017,38,CHI,Jordan Bell,University of Oregon,2,125,1597,485,391,178,0.57,0.0,0.647,12.8,3.9,3.1,1.4,4.5,0.136,1.7,1.5
598,2017,39,PHI,Jawun Evans,Oklahoma State University,2,56,843,237,96,110,0.345,0.263,0.7759999999999999,15.1,4.2,1.7,2.0,-0.4,-0.022000000000000002,-5.1,-0.7
599,2017,40,NOP,Dwayne Bacon,Florida State University,2,96,1472,491,213,85,0.43200000000000005,0.377,0.7609999999999999,15.3,5.1,2.2,0.9,1.1,0.034,-4.6,-1.0
600,2017,41,ATL,Tyler Dorsey,University of Oregon,2,104,1672,701,243,135,0.389,0.35,0.669,16.1,6.7,2.3,1.3,1.0,0.03,-4.1,-0.9
601,2017,42,UTA,Thomas Bryant,Indiana University,2,87,1568,780,471,98,0.606,0.312,0.767,18.0,9.0,5.4,1.1,5.6,0.172,1.3,1.3
602,2017,43,HOU,Isaiah Hartenstein,,1,28,221,53,47,15,0.488,0.33299999999999996,0.7859999999999999,7.9,1.9,1.7,0.5,0.5,0.10099999999999999,-0.6,0.1
603,2017,44,NYK,Damyean Dotson,University of Oregon,2,117,2478,961,346,166,0.42100000000000004,0.361,0.736,21.2,8.2,3.0,1.4,2.1,0.040999999999999995,-2.5,-0.3
604,2017,45,HOU,Dillon Brooks,University of Oregon,2,100,2680,1033,288,151,0.435,0.359,0.745,26.8,10.3,2.9,1.5,1.2,0.021,-3.5,-1.0
605,2017,46,PHI,Sterling Brown,Southern Methodist University,2,112,1810,589,327,109,0.439,0.35700000000000004,0.758,16.2,5.3,2.9,1.0,2.8,0.07400000000000001,-2.6,-0.3
606,2017,47,IND,Ike Anigbogu,"University of California, Los Angeles",2,14,36,13,12,1,0.33299999999999996,0.0,0.833,2.6,0.9,0.9,0.1,0.0,0.057,-6.8,0.0
607,2017,48,MIL,Sindarius Thornwell,University of South Carolina,2,137,1469,344,184,86,0.415,0.342,0.6890000000000001,10.7,2.5,1.3,0.6,1.0,0.034,-2.1,0.0
608,2017,49,DEN,Vlatko Cancar,,0,0,0,0,0,0,0.0,0.0,0.0,0.0,0.0,0.0,0.0,0.0,0.0,0.0,0.0
609,2017,50,PHI,Mathias Lessort,,0,0,0,0,0,0,0.0,0.0,0.0,0.0,0.0,0.0,0.0,0.0,0.0,0.0,0.0
610,2017,51,DEN,Monte Morris,Iowa State University,2,85,1995,861,196,304,0.494,0.41200000000000003,0.807,23.5,10.1,2.3,3.6,6.4,0.153,0.2,1.1
611,2017,52,NOP,Edmond Sumner,Xavier University,2,24,212,68,25,10,0.354,0.259,0.625,8.8,2.8,1.0,0.4,0.1,0.024,-3.6,-0.1
612,2017,53,BOS,Kadeem Allen,University of Arizona,2,37,523,208,62,88,0.436,0.36200000000000004,0.778,14.1,5.6,1.7,2.4,0.9,0.08,-2.2,0.0
613,2017,54,PHO,Alec Peters,Valparaiso University,1,20,225,82,37,12,0.37799999999999995,0.31,0.8,11.3,4.1,1.9,0.6,0.3,0.055,-3.3,-0.1
614,2017,55,UTA,Nigel Williams-Goss,Gonzaga University,0,0,0,0,0,0,0.0,0.0,0.0,0.0,0.0,0.0,0.0,0.0,0.0,0.0,0.0
615,2017,56,BOS,Jabari Bird,University of California,1,13,115,39,19,8,0.5770000000000001,0.429,0.462,8.8,3.0,1.5,0.6,0.2,0.098,-2.1,0.0
616,2017,57,BRK,Aleksandar Vezenkov,,0,0,0,0,0,0,0.0,0.0,0.0,0.0,0.0,0.0,0.0,0.0,0.0,0.0,0.0
617,2017,58,NYK,Ognjen Jaramaz,,0,0,0,0,0,0,0.0,0.0,0.0,0.0,0.0,0.0,0.0,0.0,0.0,0.0,0.0
618,2017,59,SAS,Jaron Blossomgame,Clemson University,1,27,439,114,98,13,0.44299999999999995,0.256,0.769,16.3,4.2,3.6,0.5,0.3,0.03,-4.5,-0.3
619,2017,60,ATL,Alpha Kaba,,0,0,0,0,0,0,0.0,0.0,0.0,0.0,0.0,0.0,0.0,0.0,0.0,0.0,0.0
620,2018,1,PHO,Deandre Ayton,University of Arizona,1,71,2183,1159,729,125,0.585,0.0,0.746,30.7,16.3,10.3,1.8,5.8,0.128,0.2,1.2
621,2018,2,SAC,Marvin Bagley,Duke University,1,62,1567,923,471,62,0.504,0.313,0.691,25.3,14.9,7.6,1.0,3.6,0.11,-1.8,0.1
622,2018,3,ATL,Luka Doncic,,1,72,2318,1526,563,429,0.42700000000000005,0.327,0.713,32.2,21.2,7.8,6.0,4.9,0.10099999999999999,4.1,3.6
623,2018,4,MEM,Jaren Jackson,Michigan State University,1,58,1515,798,272,64,0.506,0.359,0.7659999999999999,26.1,13.8,4.7,1.1,3.3,0.105,0.1,0.8
624,2018,5,DAL,Trae Young,University of Oklahoma,1,81,2503,1549,301,653,0.418,0.324,0.8290000000000001,30.9,19.1,3.7,8.1,3.3,0.062,-1.1,0.6
625,2018,6,ORL,Mohamed Bamba,University of Texas at Austin,1,47,766,292,233,39,0.48100000000000004,0.3,0.5870000000000001,16.3,6.2,5.0,0.8,1.7,0.106,-0.2,0.4
626,2018,7,CHI,Wendell Carter,Duke University,1,44,1110,455,307,78,0.485,0.188,0.795,25.2,10.3,7.0,1.8,1.9,0.08,-0.5,0.4
627,2018,8,CLE,Collin Sexton,University of Alabama,1,82,2605,1371,236,243,0.43,0.402,0.8390000000000001,31.8,16.7,2.9,3.0,-0.6,-0.011000000000000001,-5.2,-2.1
628,2018,9,NYK,Kevin Knox,University of Kentucky,1,75,2158,963,335,82,0.37,0.34299999999999997,0.7170000000000001,28.8,12.8,4.5,1.1,-1.3,-0.03,-6.0,-2.2
629,2018,10,PHI,Mikal Bridges,Villanova University,1,82,2417,684,264,173,0.43,0.335,0.805,29.5,8.3,3.2,2.1,2.9,0.057999999999999996,-0.2,1.1
630,2018,11,CHO,Shai Gilgeous-Alexander,University of Kentucky,1,82,2174,889,232,270,0.47600000000000003,0.36700000000000005,0.8,26.5,10.8,2.8,3.3,3.3,0.07400000000000001,-0.3,0.9
631,2018,12,LAC,Miles Bridges,Michigan State University,1,80,1696,597,323,95,0.46399999999999997,0.325,0.753,21.2,7.5,4.0,1.2,2.9,0.083,-0.6,0.6
632,2018,13,LAC,Jerome Robinson,Boston College,1,33,320,112,41,19,0.4,0.316,0.667,9.7,3.4,1.2,0.6,0.1,0.012,-4.3,-0.2
633,2018,14,DEN,Michael Porter,University of Missouri,0,0,0,0,0,0,0.0,0.0,0.0,0.0,0.0,0.0,0.0,0.0,0.0,0.0,0.0
634,2018,15,WAS,Troy Brown,University of Oregon,1,52,730,248,145,80,0.415,0.319,0.6809999999999999,14.0,4.8,2.8,1.5,0.6,0.039,-3.7,-0.3
635,2018,16,PHO,Zhaire Smith,Texas Tech University,1,6,111,40,13,10,0.41200000000000003,0.375,0.75,18.5,6.7,2.2,1.7,0.1,0.048,-4.0,-0.1
636,2018,17,MIL,Donte DiVincenzo,Villanova University,1,27,411,131,65,31,0.40299999999999997,0.265,0.75,15.2,4.9,2.4,1.1,0.6,0.069,-1.8,0.0
637,2018,18,SAS,Lonnie Walker,University of Miami,1,17,118,45,17,9,0.348,0.385,0.8,6.9,2.6,1.0,0.5,0.0,0.019,-4.4,-0.1
638,2018,19,ATL,Kevin Huerter,University of Maryland,1,75,2048,727,245,214,0.419,0.385,0.732,27.3,9.7,3.3,2.9,1.5,0.034,-1.9,0.1
639,2018,20,MIN,Josh Okogie,Georgia Institute of Technology,1,74,1757,570,218,91,0.386,0.27899999999999997,0.728,23.7,7.7,2.9,1.2,1.2,0.034,-1.7,0.1
640,2018,21,UTA,Grayson Allen,Duke University,1,38,416,211,23,25,0.376,0.32299999999999995,0.75,10.9,5.6,0.6,0.7,0.0,0.002,-6.8,-0.5
641,2018,22,CHI,Chandler Hutchison,Boise State University,1,44,895,229,185,34,0.45899999999999996,0.28,0.605,20.3,5.2,4.2,0.8,0.6,0.03,-4.3,-0.5
642,2018,23,IND,Aaron Holiday,"University of California, Los Angeles",1,50,646,294,67,87,0.401,0.33899999999999997,0.82,12.9,5.9,1.3,1.7,0.9,0.065,-2.6,-0.1
643,2018,24,POR,Anfernee Simons,,1,20,141,75,13,13,0.444,0.345,0.563,7.1,3.8,0.7,0.7,0.1,0.02,-6.3,-0.2
644,2018,25,LAL,Moritz Wagner,University of Michigan,1,43,446,207,85,24,0.415,0.28600000000000003,0.8109999999999999,10.4,4.8,2.0,0.6,0.2,0.02,-5.1,-0.3
645,2018,26,PHI,Landry Shamet,Wichita State University,1,79,1802,722,134,117,0.431,0.42200000000000004,0.8059999999999999,22.8,9.1,1.7,1.5,3.6,0.095,-1.0,0.5
646,2018,27,BOS,Robert Williams,Texas A&M University,1,32,283,81,81,7,0.706,0.0,0.6,8.8,2.5,2.5,0.2,1.2,0.201,4.4,0.5
647,2018,28,GSW,Jacob Evans,University of Cincinnati,1,30,204,40,25,23,0.34,0.267,0.0,6.8,1.3,0.8,0.8,-0.1,-0.03,-6.9,-0.3
648,2018,29,BRK,Dzanan Musa,,1,9,39,19,5,2,0.409,0.1,0.0,4.3,2.1,0.6,0.2,-0.1,-0.152,-10.4,-0.1
649,2018,30,ATL,Omari Spellman,Villanova University,1,46,805,272,194,47,0.402,0.344,0.711,17.5,5.9,4.2,1.0,1.2,0.07,-1.0,0.2
652,2018,31,PHO,Elie Okobo,,1,53,958,304,98,127,0.39299999999999996,0.295,0.787,18.1,5.7,1.8,2.4,-0.5,-0.027000000000000003,-5.9,-0.9
653,2018,32,MEM,Jevon Carter,West Virginia University,1,39,577,172,66,69,0.303,0.33299999999999996,0.813,14.8,4.4,1.7,1.8,0.0,-0.003,-4.0,-0.3
654,2018,33,DAL,Jalen Brunson,Villanova University,1,73,1591,678,169,230,0.467,0.348,0.725,21.8,9.3,2.3,3.2,2.6,0.077,-2.5,-0.2
655,2018,34,ATL,Devonte' Graham,University of Kansas,1,46,676,217,63,121,0.34299999999999997,0.281,0.7609999999999999,14.7,4.7,1.4,2.6,0.5,0.035,-4.3,-0.4
656,2018,35,ORL,Melvin Frazier,Tulane University,1,10,44,15,5,1,0.33299999999999996,0.0,0.25,4.4,1.5,0.5,0.1,-0.1,-0.133,-12.9,-0.1
657,2018,36,NYK,Mitchell Robinson,,1,66,1360,485,423,37,0.6940000000000001,0.0,0.6,20.6,7.3,6.4,0.6,6.1,0.217,5.7,2.7
658,2018,37,SAC,Gary Trent,Duke University,1,15,111,40,11,5,0.32,0.23800000000000002,0.429,7.4,2.7,0.7,0.3,-0.2,-0.092,-10.3,-0.2
659,2018,38,PHI,Khyri Thomas,Creighton University,1,26,195,61,20,8,0.319,0.28600000000000003,0.636,7.5,2.3,0.8,0.3,0.0,0.005,-5.2,-0.2
660,2018,39,PHI,Isaac Bonga,,1,22,120,19,25,15,0.152,0.0,0.6,5.5,0.9,1.1,0.7,-0.1,-0.059000000000000004,-4.3,-0.1
661,2018,40,BRK,Rodions Kurucs,,1,63,1294,534,246,52,0.45,0.315,0.7829999999999999,20.5,8.5,3.9,0.8,1.6,0.059000000000000004,-2.4,-0.1
662,2018,41,ORL,Jarred Vanderbilt,University of Kentucky,1,17,69,24,23,3,0.474,0.0,0.6,4.1,1.4,1.4,0.2,0.1,0.037000000000000005,-4.0,0.0
663,2018,42,DET,Bruce Brown,University of Miami,1,74,1449,319,185,91,0.39799999999999996,0.258,0.75,19.6,4.3,2.5,1.2,1.5,0.048,-2.0,0.0
664,2018,43,DEN,Justin Jackson,University of Maryland,0,0,0,0,0,0,0.0,0.0,0.0,0.0,0.0,0.0,0.0,0.0,0.0,0.0,0.0
665,2018,44,WAS,Issuf Sanon,,0,0,0,0,0,0,0.0,0.0,0.0,0.0,0.0,0.0,0.0,0.0,0.0,0.0,0.0
666,2018,45,BRK,Hamidou Diallo,University of Kentucky,1,51,526,190,97,17,0.455,0.16699999999999998,0.61,10.3,3.7,1.9,0.3,0.8,0.069,-4.7,-0.4
667,2018,46,HOU,De'Anthony Melton,University of Southern California,1,50,984,250,134,159,0.391,0.305,0.75,19.7,5.0,2.7,3.2,0.0,0.002,-2.6,-0.1
668,2018,47,LAL,Sviatoslav Mykhailiuk,University of Kansas,1,42,440,133,36,37,0.32899999999999996,0.326,0.6,10.5,3.2,0.9,0.9,-0.1,-0.012,-5.7,-0.4
669,2018,48,MIN,Keita Bates-Diop,Ohio State University,1,30,503,151,83,17,0.423,0.25,0.643,16.8,5.0,2.8,0.6,0.3,0.032,-3.1,-0.1
670,2018,49,SAS,Chimezie Metu,University of Southern California,1,29,145,51,36,13,0.32799999999999996,0.0,0.765,5.0,1.8,1.2,0.4,-0.3,-0.099,-9.2,-0.3
671,2018,50,IND,Alize Johnson,Missouri State,1,14,64,13,19,1,0.25,0.5,0.5,4.6,0.9,1.4,0.1,0.0,0.027000000000000003,-8.1,-0.1
672,2018,51,NOP,Tony Carr,Pennsylvania State University,0,0,0,0,0,0,0.0,0.0,0.0,0.0,0.0,0.0,0.0,0.0,0.0,0.0,0.0
673,2018,52,UTA,Vince Edwards,Purdue University,1,2,16,3,2,0,0.25,0.25,0.0,8.0,1.5,1.0,0.0,0.0,-0.013999999999999999,-9.8,0.0
674,2018,53,OKC,Devon Hall,University of Virginia,0,0,0,0,0,0,0.0,0.0,0.0,0.0,0.0,0.0,0.0,0.0,0.0,0.0,0.0
675,2018,54,DAL,Shake Milton,Southern Methodist University,1,20,268,87,35,18,0.391,0.318,0.7140000000000001,13.4,4.4,1.8,0.9,0.3,0.059000000000000004,-2.7,0.0
676,2018,55,CHO,Arnoldas Kulboka,,0,0,0,0,0,0,0.0,0.0,0.0,0.0,0.0,0.0,0.0,0.0,0.0,0.0,0.0
677,2018,56,PHI,Ray Spalding,University of Louisville,1,14,148,54,48,5,0.532,0.0,0.33299999999999996,10.6,3.9,3.4,0.4,0.2,0.051,-3.4,-0.1
678,2018,57,OKC,Kevin Hervey,University of Texas at Arlington,0,0,0,0,0,0,0.0,0.0,0.0,0.0,0.0,0.0,0.0,0.0,0.0,0.0,0.0
679,2018,58,DEN,Thomas Welsh,"University of California, Los Angeles",1,11,36,18,4,5,0.5379999999999999,0.429,0.5,3.3,1.6,0.4,0.5,0.1,0.162,-2.6,0.0
680,2018,59,PHO,George King,University of Colorado,1,1,6,0,1,0,0.0,0.0,0.0,6.0,0.0,1.0,0.0,0.0,-0.001,-10.6,0.0
681,2018,60,PHI,Kostas Antetokounmpo,University of Dayton,1,2,11,2,1,0,0.0,0.0,0.5,5.5,1.0,0.5,0.0,-0.1,-0.247,-13.3,0.0
